,emoji,name,edit,origin
0,😀,grinning face,웃는 얼굴,미친 얼굴
1,😃,grinning face with big eyes,큰 눈을 가진 웃는 얼굴,큰 눈을 가진 웃는 얼굴
2,😄,grinning face with smiling eyes,웃는 눈을 가진 웃는 얼굴,웃는 눈을 가진 웃음 얼굴
3,😁,beaming face with smiling eyes,웃는 얼굴을 가진 빔,웃는 얼굴을 가진 빔
4,😆,grinning squinting face,웃음 소리가 나는 얼굴,웃음 소리가 나는 얼굴
5,😅,grinning face with sweat,땀을 흘리는 얼굴,땀을 흘리는 얼굴
6,🤣,rolling on the floor laughing,바닥에 구르면서 웃는 얼굴,바닥에 굴러 웃고
7,😂,face with tears of joy,기쁨의 눈물을 흘리면서 웃는 얼굴,기쁨의 눈물로 얼굴
8,🙂,slightly smiling face,약간 웃는 얼굴,약간 웃는 얼굴
9,🙃,upside-down face,거꾸로 뒤집어진 얼굴,거꾸로 얼굴
10,😉,winking face,윙크하는 얼굴,윙크 얼굴
11,😊,smiling face with smiling eyes,눈웃음 짓는 얼굴,웃는 얼굴
12,😇,smiling face with halo,천사띠와 웃는 얼굴,할로와 웃는 얼굴
13,🥰,smiling face with hearts,하트와 웃는 얼굴,마음과 웃는 얼굴
14,😍,smiling face with heart-eyes,하트 눈으로 웃는 얼굴,심장 눈을 가진 웃는 얼굴
15,🤩,star-struck,별모양 눈으로 웃는 얼굴,별이 쳤다
16,😘,face blowing a kiss,키스를 보내는 얼굴,키스를 불고 얼굴
17,😗,kissing face,키스하는 얼굴,키스 얼굴
18,☺,smiling face,웃는 얼굴,웃는 얼굴
19,😚,kissing face with closed eyes,눈 감고 키스하는 얼굴,닫힌 눈을 가진 얼굴을 키스합니다
20,😙,kissing face with smiling eyes,웃는 얼굴에 키스,웃는 얼굴에 키스
21,🥲,smiling face with tear,눈물 흘리며 웃는 얼굴,눈물을 가진 웃는 얼굴
22,😋,face savoring food,입 맛 다시는 얼굴,얼굴 맛있는 음식
23,😛,face with tongue,혀 내밀고 있는 얼굴,혀가있는 얼굴
24,😜,winking face with tongue,혀 내밀고 윙크하는 얼굴,혀로 윙크 얼굴
25,🤪,zany face,메롱한 얼굴,Zany Face.
26,😝,squinting face with tongue,찡긋하는 얼굴,혀로 얼굴을 짜증납니다
27,🤑,money-mouth face,돈 밝히는 얼굴,돈 - 입 얼굴
28,🤗,hugging face,포옹하는 얼굴,포옹 얼굴
29,🤭,face with hand over mouth,입을 손으로 얼굴,입을 손으로 얼굴
30,🤫,shushing face,조용히 하라는 손짓의 얼굴,얼굴을 빤다
31,🤔,thinking face,생각하는 얼굴,생각하면
32,🤐,zipper-mouth face,지퍼로 입을 닫고 있는 얼굴,지퍼 - 입 얼굴
33,🤨,face with raised eyebrow,눈썹이 있는 얼굴,제기 눈썹이있는 얼굴
34,😐,neutral face,무표정 얼굴,중립적 인면
35,😑,expressionless face,무례한 얼굴,무례한 얼굴
36,😶,face without mouth,입이 없는 얼굴,입이없는 얼굴
37,😶‍🌫️,⊛ face in clouds,구름과 얼굴,⊛ 구름에 얼굴
38,😏,smirking face,비웃는 얼굴,얼굴을 흔드는 얼굴
39,😒,unamused face,재미없어하는 얼굴,unamused 얼굴
40,🙄,face with rolling eyes,눈굴리는 얼굴,롤링 눈을 가진 얼굴
41,😬,grimacing face,찡그린 얼굴,찡그린 얼굴
42,😮‍💨,⊛ face exhaling,한숨쉬는 얼굴,⊛ 얼굴을 숨 깁니다
43,🤥,lying face,거짓말 하는 얼굴,거짓말 얼굴
44,😌,relieved face,안심한 얼굴,안심한 얼굴
45,😔,pensive face,생각에 잠긴 얼굴,잠겨있는 얼굴
46,😪,sleepy face,졸린 얼굴,졸린 얼굴
47,🤤,drooling face,침흘리는 얼굴,흘린 얼굴
48,😴,sleeping face,잠자는 얼굴,잠자는 얼굴
49,😷,face with medical mask,마스크를 끼고 있는 얼굴,의료 마스크와 얼굴
50,🤒,face with thermometer,온도계를 끼고 있는 얼굴,온도계가있는 얼굴
51,🤕,face with head-bandage,붕대로 머리 감고 있는 얼굴,머리 붕대로 얼굴
52,🤢,nauseated face,구역질나는 얼굴,구역질 된 얼굴
53,🤮,face vomiting,구토하는 얼굴,얼굴 구토
54,🤧,sneezing face,재채기하는 얼굴,재채기 얼굴
55,🥵,hot face,열받은 얼굴,뜨거운 얼굴
56,🥶,cold face,차가운 얼굴,차가운 얼굴
57,🥴,woozy face,일그러진 얼굴,우우 얼굴
58,😵,knocked-out face,기절한 얼굴,낡은 얼굴
59,😵‍💫,⊛ face with spiral eyes,현기증난 얼굴,나선형 눈을 가진 얼굴
60,🤯,exploding head,폭발한 얼굴,폭발 머리
61,🤠,cowboy hat face,카우보이 모자를 쓴 얼굴,카우보이 모자 얼굴
62,🥳,partying face,파티하는 얼굴,파티 얼굴
63,🥸,disguised face,위장한 얼굴,위장한 얼굴
64,😎,smiling face with sunglasses,선글라스와 웃는 얼굴,선글라스와 웃는 얼굴
65,🤓,nerd face,찐따 얼굴,머 저리 얼굴
66,🧐,face with monocle,단원이있는 얼굴,단원이있는 얼굴
67,😕,confused face,혼란스러운 얼굴,혼란스러운 얼굴
68,😟,worried face,걱정되는 얼굴,걱정되는 얼굴
69,🙁,slightly frowning face,약간 찡그린 얼굴,약간 찡그린 얼굴
70,☹,frowning face,얼어붙은 얼굴,찌르는 얼굴
71,😮,face with open mouth,궁금해하는 얼굴,열린 입으로 얼굴
72,😯,hushed face,숨죽인 얼굴,얼굴을 가리 쳤어
73,😲,astonished face,놀란 얼굴,놀란 얼굴
74,😳,flushed face,홍조를 띈 얼굴,플러시 얼굴
75,🥺,pleading face,맹세하는 얼굴,탄원 얼굴
76,😦,frowning face with open mouth,놀란 얼굴로 입벌리고 있는 얼굴,열린 입으로 찌르는 얼굴
77,😧,anguished face,고뇌하는 얼굴,고뇌 된 얼굴
78,😨,fearful face,두려운 얼굴,두려운 얼굴
79,😰,anxious face with sweat,땀 흘리는 불안한 얼굴,땀을 가진 불안한 얼굴
80,😥,sad but relieved face,슬프지 만 안심 한 얼굴,슬프지 만 안심 한 얼굴
81,😢,crying face,우는 얼굴,우는 얼굴
82,😭,loudly crying face,큰 소리로 울고있는 얼굴,큰 소리로 울고있는 얼굴
83,😱,face screaming in fear,두려움에 비명을 지르는 얼굴,두려움에 비명을 지르는 얼굴
84,😖,confounded face,혼란스러운 얼굴,혼란스러운 얼굴
85,😣,persevering face,인내하는 얼굴,얼굴을 인내한다
86,😞,disappointed face,실망한 얼굴,실망한 얼굴
87,😓,downcast face with sweat,땀을 흘리며 민망해하는 얼굴,땀을 흘리며 도달 한 얼굴
88,😩,weary face,지친 얼굴,지친 얼굴
89,😫,tired face,피곤한 얼굴,피곤한 얼굴
90,🥱,yawning face,하품 얼굴,하품 얼굴
91,😤,face with steam from nose,콧 김 나는 얼굴,코에서 증기가있는 얼굴
92,😡,pouting face,빨간 얼굴,얼굴을 삐걱 거리다
93,😠,angry face,화난 얼굴,화난 얼굴
94,🤬,face with symbols on mouth,입에 기호가 있는 얼굴,입에 기호로 얼굴
95,😈,smiling face with horns,뿔을 가진 웃는 얼굴,뿔을 가진 웃는 얼굴
96,👿,angry face with horns,뿔이있는 화난 얼굴,뿔이있는 화난 얼굴
97,💀,skull,두개골,두개골
98,☠,skull and crossbones,두개골과 crossbones.,두개골과 crossbones.
99,💩,pile of poo,똥 더미,똥 더미
100,🤡,clown face,광대 얼굴,광대 얼굴
101,👹,ogre,도깨비,오우거
102,👺,goblin,고블린,고블린
103,👻,ghost,귀신,귀신
104,👽,alien,외계인,외계인
105,👾,alien monster,외계인 괴물,외계인 괴물
106,🤖,robot,로봇,로봇
107,😺,grinning cat,미친 고양이,미친 고양이
108,😸,grinning cat with smiling eyes,웃는 눈을 가진 고양이,웃는 눈을 가진 고양이
109,😹,cat with tears of joy,기쁨의 눈물을 가진 고양이,기쁨의 눈물을 가진 고양이
110,😻,smiling cat with heart-eyes,심장 눈을 가진 고양이 웃는,심장 눈을 가진 고양이 웃는
111,😼,cat with wry smile,웃는 고양이,고양이와 함께 웃는 미소
112,😽,kissing cat,키스하는 고양이,키스 고양이
113,🙀,weary cat,지친 고양이,지친 고양이
114,😿,crying cat,울고있는 고양이,울고 고양이
115,😾,pouting cat,화난 고양이,고양이 삐 었어
116,🙈,see-no-evil monkey,눈가린 원숭이,#NAME?
117,🙉,hear-no-evil monkey,듣는 원숭이,듣고 - 악한 원숭이
118,🙊,speak-no-evil monkey,말하는 원숭이,말하기 - 악한 원숭이
119,💋,kiss mark,키스 마크,키스 마크
120,💌,love letter,연애 편지,연애 편지
121,💘,heart with arrow,화살표가있는 심장,화살표가있는 심장
122,💝,heart with ribbon,리본이있는 심장,리본이있는 심장
123,💖,sparkling heart,반짝이는 마음,반짝이는 마음
124,💗,growing heart,성장하는 마음,성장하는 마음
125,💓,beating heart,뛰는 심장,뛰는 심장
126,💞,revolving hearts,회전하는 마음,회전하는 마음
127,💕,two hearts,두개의 심장,두개의 심장
128,💟,heart decoration,심장 장식,심장 장식
129,❣,heart exclamation,심장 느낌표,심장 느낌표
130,💔,broken heart,상한 마음,상한 마음
131,❤️‍🔥,⊛ heart on fire,불의 심장,불의 심장
132,❤️‍🩹,⊛ mending heart,마음을 치료,✔ 마음을 수선하십시오
133,❤,red heart,빨간 하트,붉은 마음
134,🧡,orange heart,오렌지 하트,오렌지 심장입니다
135,💛,yellow heart,노란색 하트,노란색 심장입니다
136,💚,green heart,초록색 하트,녹색 심장입니다
137,💙,blue heart,파랑색 하트,푸른 마음
138,💜,purple heart,보라색 하트,보라색 심장
139,🤎,brown heart,갈색 하트,갈색 심장
140,🖤,black heart,검은색 하트,흑심
141,🤍,white heart,흰색 하트,흰색 심장
142,💯,hundred points,100점,백 포인트
143,💢,anger symbol,분노,분노 기호
144,💥,collision,충돌,충돌
145,💫,dizzy,어지러운,어지러운
146,💦,sweat droplets,땀 물방울,땀 물방울
147,💨,dashing away,대시,대시
148,🕳,hole,구멍,구멍
149,💣,bomb,폭탄,폭탄
150,💬,speech balloon,음성 풍선,음성 풍선
151,👁️‍🗨️,eye in speech bubble,말풍선 안에 있는 눈,연설 거품의 눈
152,🗨,left speech bubble,말풍선,왼쪽 연설 거품
153,🗯,right anger bubble,오른쪽 말풍선,오른쪽 분노 거품
154,💭,thought balloon,생각 풍선,생각 풍선
155,💤,zzz,잠자는 표시,쿨쿨
156,👋,waving hand,손 흔들기,손을 흔들며
157,🤚,raised back of hand,손 올리기,손으로 올랐다
158,🖐,hand with fingers splayed,손가락 펼치기,손가락을 가진 손을 splayed
159,✋,raised hand,손 들기,손을 제기
160,🖖,vulcan salute,경례,Vulcan 경례
161,👌,OK hand,오케이 손,ok hand.
162,🤌,pinched fingers,꼬집는 손가락,꼬집는 손가락
163,🤏,pinching hand,꼬집는 손,손을 끼 웁니다
164,✌,victory hand,브이 손,승리의 손입니다
165,🤞,crossed fingers,교차한 손,교차 된 손가락
166,🤟,love-you gesture,사랑의 제스처,사랑 - 제스처
167,🤘,sign of the horns,뿔모양 손,뿔의 서명
168,🤙,call me hand,전화하는 손 모양,나 한테 전화 해
169,👈,backhand index pointing left,왼쪽 가리키는 손,백핸드 색인 가리키는 왼쪽
170,👉,backhand index pointing right,오른쪽 가리키는 손,백핸드 색인을 가리키는 오른쪽
171,👆,backhand index pointing up,위쪽 가리키는 손,백핸드 색인을 가리키는 것
172,🖕,middle finger,가운데 손가락,가운데 손가락
173,👇,backhand index pointing down,아래 가리키는 손,백핸드 인덱스가 가리키는 것입니다
174,☝,index pointing up,중지로 가르키는 손,인덱스 가리키는 것입니다
175,👍,thumbs up,엄지손가락 올리기,엄지 손가락 최대
176,👎,thumbs down,엄지손가락 내리기,엄지 손가락
177,✊,raised fist,주먹 올리기,제기 된 주먹
178,👊,oncoming fist,다가오는 주먹,다가오는 주먹
179,🤛,left-facing fist,왼쪽으로 치는 주먹,왼쪽으로 향하는 주먹
180,🤜,right-facing fist,오른쪽으로 치는 주먹,오른쪽 마주하는 주먹
181,👏,clapping hands,손뼉치기,박수 핸즈프리
182,🙌,raising hands,두 손 들기,손을 올리고
183,👐,open hands,두 손 열기,손을 엽니 다
184,🤲,palms up together,손바닥 붙이기,함께 손바닥
185,🤝,handshake,악수,악수
186,🙏,folded hands,손바닥 포개기,접힌 손
187,✍,writing hand,글씨쓰는 손,쓰기 손
188,💅,nail polish,매니큐어,매니큐어
189,🤳,selfie,셀카,셀카.
190,💪,flexed biceps,팔 근육,굴곡 된 팔뚝
191,🦾,mechanical arm,기계 팔,기계적 팔
192,🦿,mechanical leg,기계 다리,기계 다리
193,🦵,leg,다리,다리
194,🦶,foot,발,발
195,👂,ear,귀,귀
196,🦻,ear with hearing aid,보청기가있는 귀,보청기가있는 귀
197,👃,nose,코,코
198,🧠,brain,뇌,뇌
199,🫀,anatomical heart,해부학적인 마음,해부학적인 마음
200,🫁,lungs,폐,폐
201,🦷,tooth,이빨,이빨
202,🦴,bone,뼈,뼈
203,👀,eyes,눈,눈
204,👁,eye,눈,눈
205,👅,tongue,혀,혀
206,👄,mouth,입,입
207,👶,baby,아기,아기
208,🧒,child,아이,아이
209,👦,boy,소년,소년
210,👧,girl,소녀,소녀
211,🧑,person,사람,사람
212,👱,person: blond hair,사람 : 금발 머리,사람 : 금발 머리
213,👨,man,남성,남성
214,🧔,person: beard,수염있는 사람,사람 : 수염
215,🧔‍♂️,⊛ man: beard,수염있는 남자,⊛ 남자 : 수염
216,🧔‍♀️,⊛ woman: beard,수염있는 여자,⊛ 여자 : 수염
217,👨‍🦰,man: red hair,빨간머리 남자,남자 : 빨간 머리
218,👨‍🦱,man: curly hair,곱슬머리 남자,남자 : 곱슬 머리
219,👨‍🦳,man: white hair,백발의 남자,남자 : 흰 머리카락
220,👨‍🦲,man: bald,대머리 남자,남자 : 곧
221,👩,woman,여성,여성
222,👩‍🦰,woman: red hair,빨간 머리 여자,여자 : 빨간 머리카락
223,🧑‍🦰,person: red hair,빨간머리 사람,사람 : 빨간 머리카락
224,👩‍🦱,woman: curly hair,곱슬머리 여자,여자 : 곱슬 머리
225,🧑‍🦱,person: curly hair,곱슬머리 사람,사람 : 곱슬 머리
226,👩‍🦳,woman: white hair,백발 여자,여자 : 흰색 머리카락
227,🧑‍🦳,person: white hair,백발 사람,사람 : 흰 머리카락
228,👩‍🦲,woman: bald,대머리 여자,여자 : 대머리
229,🧑‍🦲,person: bald,대머리 사람,사람 : 곧
230,👱‍♀️,woman: blond hair,금발 머리 여자,여자 : 금발 머리
231,👱‍♂️,man: blond hair,금발머리 남자,남자 : 금발 머리
232,🧓,older person,노인들,노인들
233,👴,old man,노인,노인
234,👵,old woman,늙은 여자,늙은 여자
235,🙍,person frowning,찡그린 사람,사람이 찌푸리는 사람
236,🙍‍♂️,man frowning,찡그린 남자,남자가 깜박이고
237,🙍‍♀️,woman frowning,찡그린 여자,여자 찡그린
238,🙎,person pouting,삐진 사람,사람 삐걱 거리는 것
239,🙎‍♂️,man pouting,삐진 남자,남자 pouting.
240,🙎‍♀️,woman pouting,삐진 여자,여자 pouting.
241,🙅,person gesturing NO,NO 표시하는 사람,몸짓으로 사람이 아닙니다
242,🙅‍♂️,man gesturing NO,NO 표시하는 여자,남자 gesturing no.
243,🙅‍♀️,woman gesturing NO,NO 표시하는 남자,여자 gesturing no..
244,🙆,person gesturing OK,OK 표시하는 사람,사람이 몸짓으로 괜찮아요
245,🙆‍♂️,man gesturing OK,OK 표시하는 남자,남자 몸짓으로 괜찮아
246,🙆‍♀️,woman gesturing OK,OK 표시하는 여자,여자 몸짓으로 괜찮아
247,💁,person tipping hand,손들고 있는 사람,손을 팁을 팁
248,💁‍♂️,man tipping hand,손 들고 있는 남자,손을 팁을 찍는 남자
249,💁‍♀️,woman tipping hand,손 들고 있는 여자,손을 팁을 팁하는 여자
250,🙋,person raising hand,손 들고 있는 사람,손을 제기하는 사람
251,🙋‍♂️,man raising hand,손 들고 있는 남자,손을 제기하는 남자
252,🙋‍♀️,woman raising hand,손 들고 있는 여자,여자 손을 올리고
253,🧏,deaf person,청각 장애인,청각 장애인
254,🧏‍♂️,deaf man,청각 장애인 남자,장애애인 남자
255,🧏‍♀️,deaf woman,청각 장애인 여자,청각 장애인 여성
256,🙇,person bowing,사람을 던지는 사람,사람을 던지는 사람
257,🙇‍♂️,man bowing,바람 부는 남자,남자 bowing.
258,🙇‍♀️,woman bowing,바람 부는 남자,여자 bowing.
259,🤦,person facepalming,사람의 얼굴,사람의 얼굴
260,🤦‍♂️,man facepalming,얼굴 만지는 남자,남자 facepalming.
261,🤦‍♀️,woman facepalming,얼굴 만지는 여자,여자 facepalming.
262,🤷,person shrugging,으쓱하는 사람,사람 shrugging.
263,🤷‍♂️,man shrugging,으쓱하는 남자,남자 shrugging.
264,🤷‍♀️,woman shrugging,으쓱하는 여자,여자 shrugging.
265,🧑‍⚕️,health worker,건강한 노동자,건강 노동자
266,👨‍⚕️,man health worker,건강한 남자 노동자,남자 건강 노동자
267,👩‍⚕️,woman health worker,건강한 여자 노동자,여자 건강 노동자
268,🧑‍🎓,student,학생,학생
269,👨‍🎓,man student,남자 학생,남자 학생
270,👩‍🎓,woman student,여자 학생,여자 학생
271,🧑‍🏫,teacher,선생님,선생님
272,👨‍🏫,man teacher,남자 선생님,남자 선생님
273,👩‍🏫,woman teacher,여자 교사,여자 교사
274,🧑‍⚖️,judge,판사,판사
275,👨‍⚖️,man judge,남자 판사,남자 판사
276,👩‍⚖️,woman judge,여자 판사,여자 판사
277,🧑‍🌾,farmer,농장주,농장주
278,👨‍🌾,man farmer,남자 농부,남자 농부
279,👩‍🌾,woman farmer,여자 농부,여자 농부
280,🧑‍🍳,cook,요리사,요리하다
281,👨‍🍳,man cook,남자 요리사,남자 쿡
282,👩‍🍳,woman cook,여자 요리사,여자 요리사
283,🧑‍🔧,mechanic,정비공,정비공
284,👨‍🔧,man mechanic,남자 정비사,남자 정비사
285,👩‍🔧,woman mechanic,여자 정비사,여자 정비사
286,🧑‍🏭,factory worker,공장 노동자,공장 노동자
287,👨‍🏭,man factory worker,남자 공장 노동자,남자 공장 노동자
288,👩‍🏭,woman factory worker,여자 공장 노동자,여자 공장 노동자
289,🧑‍💼,office worker,회사원,사무원
290,👨‍💼,man office worker,남자 회사원,남자 회사원
291,👩‍💼,woman office worker,여자 회사원,여자 회사원
292,🧑‍🔬,scientist,과학자,과학자
293,👨‍🔬,man scientist,남자 과학자,남자 과학자
294,👩‍🔬,woman scientist,여자 과학자,여자 과학자
295,🧑‍💻,technologist,과학 기술자,과학 기술자
296,👨‍💻,man technologist,남자 기술자,남자 기술자
297,👩‍💻,woman technologist,여자 기술자,여자 기술자
298,🧑‍🎤,singer,가수,가수
299,👨‍🎤,man singer,남자 가수,남자 가수
300,👩‍🎤,woman singer,여자 가수,여자 가수
301,🧑‍🎨,artist,아티스트,아티스트
302,👨‍🎨,man artist,남자 아티스트,남자 아티스트
303,👩‍🎨,woman artist,여자 아티스트,여자 아티스트
304,🧑‍✈️,pilot,조종사,조종사
305,👨‍✈️,man pilot,남자 조종사,남자 조종사
306,👩‍✈️,woman pilot,여자 조종사,여자 조종사
307,🧑‍🚀,astronaut,우주 비행사,우주 비행사
308,👨‍🚀,man astronaut,남자 우주 비행사,남자 우주 비행사
309,👩‍🚀,woman astronaut,여자 우주 비행사,여자 우주 비행사
310,🧑‍🚒,firefighter,소방관,소방관
311,👨‍🚒,man firefighter,남자 소방관,남자 소방관
312,👩‍🚒,woman firefighter,여자 소방관입니다,여자 소방관입니다
313,👮,police officer,경찰관,경찰관
314,👮‍♂️,man police officer,남자 경찰,남자 경찰
315,👮‍♀️,woman police officer,여자 경찰,여자 경찰
316,🕵,detective,형사,형사
317,🕵️‍♂️,man detective,남자 형사,남자 형사
318,🕵️‍♀️,woman detective,여자 형사,여자 형사
319,💂,guard,경비원,경비원
320,💂‍♂️,man guard,남자 가버스,남자 가버스
321,💂‍♀️,woman guard,여자 가드,여자 가드
322,🥷,ninja,닌자,닌자
323,👷,construction worker,건설 노동자,건설 노동자
324,👷‍♂️,man construction worker,남자 건설 노동자,남자 건설 노동자
325,👷‍♀️,woman construction worker,여자 건설 노동자,여자 건설 노동자
326,🤴,prince,왕자,왕자
327,👸,princess,공주님,공주님
328,👳,person wearing turban,터번을 착용하는 사람,터번을 착용하는 사람
329,👳‍♂️,man wearing turban,터번을 입고 남자,터번을 입고 남자
330,👳‍♀️,woman wearing turban,여자는 터번을 입고,여자는 터번을 입고
331,👲,person with skullcap,골무를 가진 사람,Skullcap을 가진 사람
332,🧕,woman with headscarf,머리에 스카프를 쓴 여자,머리카락을 가진 여자
333,🤵,person in tuxedo,턱시도를 입은 사람,턱시도에있는 사람
334,🤵‍♂️,man in tuxedo,턱시도를 입은 남자,턱시도에있는 남자
335,🤵‍♀️,woman in tuxedo,턱시도를 입은 여자,턱시도에있는 여자
336,👰,person with veil,베일을 가진 사람,베일을 가진 사람
337,👰‍♂️,man with veil,베일을 가진 남자,베일을 가진 남자
338,👰‍♀️,woman with veil,베일을 가진 여자,베일을 가진 여자
339,🤰,pregnant woman,임산부,임산부
340,🤱,breast-feeding,유방 수유,유방 수유
341,👩‍🍼,woman feeding baby,밥먹는 여자 아기,여자 먹이 아기
342,👨‍🍼,man feeding baby,밥먹는 남자 아기,남자 먹이 아기
343,🧑‍🍼,person feeding baby,밥먹는 아기,사람 먹이 아기
344,👼,baby angel,아기 천사,아기 천사
345,🎅,Santa Claus,산타 클로스.,산타 클로스.
346,🤶,Mrs. Claus,산타 클로스 부인,클로스 부인
347,🧑‍🎄,mx claus,MX 클로스,MX 클로스
348,🦸,superhero,슈퍼 히어로,슈퍼 히어로
349,🦸‍♂️,man superhero,남자 슈퍼 히어로,남자 슈퍼 히어로
350,🦸‍♀️,woman superhero,여자 슈퍼 히어로,여자 슈퍼 히어로
351,🦹,supervillain,빌런,슈퍼 빌라
352,🦹‍♂️,man supervillain,남자 빌런,남자 supervillain.
353,🦹‍♀️,woman supervillain,여자 빌런,여자 supervillain.
354,🧙,mage,마술사,마술사
355,🧙‍♂️,man mage,남자 마법사,위장.
356,🧙‍♀️,woman mage,여자 마법사,여자 마법사
357,🧚,fairy,요정,요정
358,🧚‍♂️,man fairy,남자 요정,남자 요정
359,🧚‍♀️,woman fairy,여자 요정,여자 요정
360,🧛,vampire,흡혈귀,흡혈귀
361,🧛‍♂️,man vampire,남자 뱀파이어,남자 뱀파이어
362,🧛‍♀️,woman vampire,여자 뱀파이어,여자 뱀파이어
363,🧜,merperson,인어,Merperson.
364,🧜‍♂️,merman,인어 왕자,인어
365,🧜‍♀️,mermaid,인어 공주,인어
366,🧝,elf,앨프,꼬마 요정
367,🧝‍♂️,man elf,남자 엘프,남자의 11.
368,🧝‍♀️,woman elf,여자 엘프,여자 엘프
369,🧞,genie,요정,요정
370,🧞‍♂️,man genie,남자 요정,하나의 천재
371,🧞‍♀️,woman genie,여자 요정,여자 genie.
372,🧟,zombie,좀비,좀비
373,🧟‍♂️,man zombie,남자 좀비,남자 좀비
374,🧟‍♀️,woman zombie,여자 좀비,여자 좀비
375,💆,person getting massage,마사지를 받는 사람,마사지를받는 사람
376,💆‍♂️,man getting massage,마사지를 받는 남자,남자 점점 마사지
377,💆‍♀️,woman getting massage,마사지를 받는 여자,여자 점점 마사지
378,💇,person getting haircut,머리 자르는 사람,이발을 얻는 사람
379,💇‍♂️,man getting haircut,머리 자르는 남자,남자 점점 이발
380,💇‍♀️,woman getting haircut,머리 자르는 여자,여자 점점 haircut.
381,🚶,person walking,걷는 사람,걷는 사람
382,🚶‍♂️,man walking,걷는 남자,걷는 남자
383,🚶‍♀️,woman walking,걷는 여자,걷는 여자
384,🧍,person standing,서있는 사람,서있는 사람
385,🧍‍♂️,man standing,서있는 사람,서있는 사람
386,🧍‍♀️,woman standing,서있는 여자,서있는 여자
387,🧎,person kneeling,무릎 꿇은 사람,사람 무릎을 꿇고
388,🧎‍♂️,man kneeling,무릎 꿇은 남자,남자 무릎을 꿇 고
389,🧎‍♀️,woman kneeling,무릎 꿇은 여자,여자 무릎을 꿇 고
390,🧑‍🦯,person with white cane,흰색 지팡이와 사람,흰색 지팡이가있는 사람
391,👨‍🦯,man with white cane,흰색 지팡이와 남자,흰색 지팡이와 남자입니다
392,👩‍🦯,woman with white cane,흰색 지팡이와 여자,흰색 지팡이와 여자입니다
393,🧑‍🦼,person in motorized wheelchair,전동 휠체어에있는 사람,전동 휠체어에있는 사람
394,👨‍🦼,man in motorized wheelchair,전동 휠체어에있는 남자,동력 된 휠체어에있는 남자
395,👩‍🦼,woman in motorized wheelchair,전동 휠체어에 있는 여자,여자 동력 휠체어에
396,🧑‍🦽,person in manual wheelchair,수동 휠체어에있는 사람,수동 휠체어에있는 사람
397,👨‍🦽,man in manual wheelchair,수동 휠체어에있는 남자,수동 휠체어에있는 남자
398,👩‍🦽,woman in manual wheelchair,수동 휠체어에 있는 여자,수동 휠체어에 여자
399,🏃,person running,달리는 사람,사람이 달리기
400,🏃‍♂️,man running,달리는 남자,남자 달리기
401,🏃‍♀️,woman running,달리는 여자,여자 실행입니다
402,💃,woman dancing,춤추는 여자,여자 춤
403,🕺,man dancing,춤추는 남자,남자 춤
404,🕴,person in suit levitating,수트입은 사람,욕구에있는 사람
405,👯,people with bunny ears,토끼 귀를 가진 사람들,토끼 귀를 가진 사람들
406,👯‍♂️,men with bunny ears,토끼 귀를 가진 남자,토끼 귀를 가진 남자
407,👯‍♀️,women with bunny ears,토끼 귀를 가진 여성,토끼 귀가있는 여성
408,🧖,person in steamy room,증기 방에있는 사람,증기 방에있는 사람
409,🧖‍♂️,man in steamy room,증기 방에있는 남자,증기 방에있는 남자
410,🧖‍♀️,woman in steamy room,증기 방에있는 여자,증기 방에있는 여자
411,🧗,person climbing,등산하는 사람,사람 등산
412,🧗‍♂️,man climbing,등산하는 남자,남자 등산
413,🧗‍♀️,woman climbing,등산하는 여자,여자 등산
414,🤺,person fencing,펜싱하는 사람,사람 펜싱
415,🏇,horse racing,경마,경마
416,⛷,skier,스키 타는 사람,스키 타는 사람
417,🏂,snowboarder,스노보더,스노
418,🏌,person golfing,골프치는 사람,사람 골프
419,🏌️‍♂️,man golfing,골프치는 남자,남자 골프
420,🏌️‍♀️,woman golfing,골프치는 여자,여자 골프
421,🏄,person surfing,서핑하는 사람,서핑 사람
422,🏄‍♂️,man surfing,서핑하는 남자,남자 서핑
423,🏄‍♀️,woman surfing,서핑하는 여자,서핑 여자
424,🚣,person rowing boat,보트 젓는 사람,사람 노를 보트
425,🚣‍♂️,man rowing boat,보트 젓는 남자,남자 노를 보트
426,🚣‍♀️,woman rowing boat,보트 젓는 여자,여자 노를 보트
427,🏊,person swimming,수영하는 사람,사람 수영
428,🏊‍♂️,man swimming,수영하는 남자,남자 수영
429,🏊‍♀️,woman swimming,수영하는 여자,여자 수영
430,⛹,person bouncing ball,공 튀기는 사람,사람 튀는 공
431,⛹️‍♂️,man bouncing ball,공 튀기는 남자,남자 튀는 공
432,⛹️‍♀️,woman bouncing ball,공 튀기는 여자,여자 튀는 공
433,🏋,person lifting weights,역도하는 사람,사람 리프팅 무게
434,🏋️‍♂️,man lifting weights,역도하는 남자,남자 리프팅 무게
435,🏋️‍♀️,woman lifting weights,역도하는 여자,여자 리프팅 무게입니다
436,🚴,person biking,자전거타는 사람,사람 자전거 타기
437,🚴‍♂️,man biking,자전거 타는 남자,남자 자전거 타기
438,🚴‍♀️,woman biking,자전거 타는 여자,여자 자전거입니다
439,🚵,person mountain biking,산악자전거 타는 사람,사람 산악 자전거
440,🚵‍♂️,man mountain biking,산악자전거 타는 남자 ,남자 산악 자전거
441,🚵‍♀️,woman mountain biking,산악자전거 타는 여자,여자 산 자전거입니다
442,🤸,person cartwheeling,옆구르기 하는 사람,사람 카트 휠링
443,🤸‍♂️,man cartwheeling,옆구르기 하는 남자,남자 카트 휠링
444,🤸‍♀️,woman cartwheeling,옆구르기 하는 여자,여자 cartwheeling.
445,🤼,people wrestling,헤슬링하는 사람,사람들은 레슬링
446,🤼‍♂️,men wrestling,남자 레슬링,남자 레슬링
447,🤼‍♀️,women wrestling,여자 레슬링,여성 레슬링
448,🤽,person playing water polo,수구하는 사람,사람을 재생하는 사람
449,🤽‍♂️,man playing water polo,수구하는 남자,남자 물 폴로를 연주
450,🤽‍♀️,woman playing water polo,수구하는 여자,여자 물 폴로 재생
451,🤾,person playing handball,핸드폴하는 사람,핸드볼을하는 사람
452,🤾‍♂️,man playing handball,핸드볼하는 남자,남자 핸드볼을 재생합니다
453,🤾‍♀️,woman playing handball,핸드볼하는 여자,여자 핸드볼 재생
454,🤹,person juggling,저글링하는 사람,사람이 저글링
455,🤹‍♂️,man juggling,저글링하는 남자,남자 저글링
456,🤹‍♀️,woman juggling,저글링하는 여자,여자 저글링
457,🧘,person in lotus position,로터스 위치에있는 사람,로터스 위치에있는 사람
458,🧘‍♂️,man in lotus position,로터스 위치에있는 남자,로터스 위치에있는 남자
459,🧘‍♀️,woman in lotus position,로터스 위치에있는 여자,로터스 위치에있는 여자
460,🛀,person taking bath,목욕을하는 사람,목욕을하는 사람
461,🛌,person in bed,침대에있는 사람,침대에있는 사람
462,🧑‍🤝‍🧑,people holding hands,손잡고 있는 사람,사람들이 손을 잡고
463,👭,women holding hands,손잡고 있는 여자,여자 손을 잡고
464,👫,woman and man holding hands,손잡고 있는 여자 남자,여자와 남자 지주 손
465,👬,men holding hands,손잡고 있는 남자,남자 손을 잡고
466,💏,kiss,키스,키스
467,👩‍❤️‍💋‍👨,"kiss: woman, man",남자 어자 키스,"키스 : 여자, 남자"
468,👨‍❤️‍💋‍👨,"kiss: man, man",남자 남자 키스,"키스 : 남자, 남자"
469,👩‍❤️‍💋‍👩,"kiss: woman, woman",여자 여자 키스,"키스 : 여자, 여자"
470,💑,couple with heart,하트와 커플,마음과 몇입니다
471,👩‍❤️‍👨,"couple with heart: woman, man",여자 남자 하트,"마음을 가진 커플 : 여자, 남자"
472,👨‍❤️‍👨,"couple with heart: man, man",남자 남자 하트,"마음을 가진 커플 : 남자, 남자"
473,👩‍❤️‍👩,"couple with heart: woman, woman",여자 여자 하트,"심장 부부 : 여자, 여자"
474,👪,family,가족,가족
475,👨‍👩‍👦,"family: man, woman, boy","가족 : 남자, 여자, 소년","가족 : 남자, 여자, 소년"
476,👨‍👩‍👧,"family: man, woman, girl","가족 : 남자, 여자, 여자","가족 : 남자, 여자, 여자"
477,👨‍👩‍👧‍👦,"family: man, woman, girl, boy","가족 : 남자, 여자, 여자, 소년","가족 : 남자, 여자, 여자, 소년"
478,👨‍👩‍👦‍👦,"family: man, woman, boy, boy","가족 : 남자, 여자, 소년, 소년","가족 : 남자, 여자, 소년, 소년"
479,👨‍👩‍👧‍👧,"family: man, woman, girl, girl","가족 : 남자, 여자, 여자, 여자","가족 : 남자, 여자, 여자, 여자"
480,👨‍👨‍👦,"family: man, man, boy","가족 : 남자, 남자, 소년","가족 : 남자, 남자, 소년"
481,👨‍👨‍👧,"family: man, man, girl","가족 : 남자, 남자, 여자","가족 : 남자, 남자, 여자"
482,👨‍👨‍👧‍👦,"family: man, man, girl, boy","가족 : 남자, 남자, 여자, 소년","가족 : 남자, 남자, 여자, 소년"
483,👨‍👨‍👦‍👦,"family: man, man, boy, boy","가족 : 남자, 남자, 소년, 소년","가족 : 남자, 남자, 소년, 소년"
484,👨‍👨‍👧‍👧,"family: man, man, girl, girl","가족 : 남자, 남자, 여자, 여자","가족 : 남자, 남자, 여자, 여자"
485,👩‍👩‍👦,"family: woman, woman, boy","가족 : 여자, 여자, 소년","가족 : 여자, 여자, 소년"
486,👩‍👩‍👧,"family: woman, woman, girl","가족 : 여자, 여자, 여자","가족 : 여자, 여자, 여자"
487,👩‍👩‍👧‍👦,"family: woman, woman, girl, boy","가족 : 여자, 여자, 여자, 소년","가족 : 여자, 여자, 여자, 소년"
488,👩‍👩‍👦‍👦,"family: woman, woman, boy, boy","가족 : 여자, 여자, 소년, 소년","가족 : 여자, 여자, 소년, 소년"
489,👩‍👩‍👧‍👧,"family: woman, woman, girl, girl","가족 : 여자, 여자, 여자, 여자","가족 : 여자, 여자, 여자, 여자"
490,👨‍👦,"family: man, boy","가족 : 남자, 소년","가족 : 남자, 소년"
491,👨‍👦‍👦,"family: man, boy, boy","가족 : 남자, 소년, 소년","가족 : 남자, 소년, 소년"
492,👨‍👧,"family: man, girl","가족 : 남자, 소녀","가족 : 남자, 소녀"
493,👨‍👧‍👦,"family: man, girl, boy","가족 : 남자, 여자, 소년","가족 : 남자, 여자, 소년"
494,👨‍👧‍👧,"family: man, girl, girl","가족 : 남자, 여자, 여자","가족 : 남자, 여자, 여자"
495,👩‍👦,"family: woman, boy","가족 : 여자, 소년","가족 : 여자, 소년"
496,👩‍👦‍👦,"family: woman, boy, boy","가족 : 여자, 소년, 소년","가족 : 여자, 소년, 소년"
497,👩‍👧,"family: woman, girl","가족 : 여자, 여자","가족 : 여자, 여자"
498,👩‍👧‍👦,"family: woman, girl, boy","가족 : 여자, 여자, 소년","가족 : 여자, 여자, 소년"
499,👩‍👧‍👧,"family: woman, girl, girl","가족 : 여자, 소녀, 소녀","가족 : 여자, 소녀, 소녀"
500,🗣,speaking head,말하는 머리,말하기 머리
501,👤,bust in silhouette,흉상 실루엣,실루엣에서 흉상
502,👥,busts in silhouette,흉상 실루엣,실루엣에서 흉상
503,🫂,people hugging,포옹하는 사람들,사람들이 포옹
504,👣,footprints,발자취,발자취
505,🦰,red hair,빨강 머리,빨강 머리
506,🦱,curly hair,곱슬 머리,곱슬 머리
507,🦳,white hair,흰 머리카락,흰 머리카락
508,🦲,bald,노골적인,노골적인
509,🐵,monkey face,원숭이 얼굴,원숭이 얼굴
510,🐒,monkey,원숭이,원숭이
511,🦍,gorilla,고릴라,고릴라
512,🦧,orangutan,오랑우탄,오랑우탄
513,🐶,dog face,강아지 얼굴,강아지 얼굴
514,🐕,dog,개,개
515,🦮,guide dog,안내견,안내견
516,🐕‍🦺,service dog,서비스 개,서비스 개
517,🐩,poodle,푸들,푸들
518,🐺,wolf,늑대,늑대
519,🦊,fox,여우,여우
520,🦝,raccoon,너구리,너구리
521,🐱,cat face,고양이 얼굴,고양이 얼굴
522,🐈,cat,고양이,고양이
523,🐈‍⬛,black cat,검은 고양이,검은 고양이
524,🦁,lion,사자,사자
525,🐯,tiger face,호랑이 얼굴,호랑이 얼굴
526,🐅,tiger,호랑이,호랑이
527,🐆,leopard,표범,표범
528,🐴,horse face,말 얼굴,말 얼굴
529,🐎,horse,말,말
530,🦄,unicorn,일각수,일각수
531,🦓,zebra,얼룩말,얼룩말
532,🦌,deer,사슴,사슴
533,🦬,bison,바이슨,바이슨
534,🐮,cow face,암소 얼굴,암소 얼굴
535,🐂,ox,황소,황소
536,🐃,water buffalo,물소,물소
537,🐄,cow,암소,암소
538,🐷,pig face,돼지 얼굴,돼지 얼굴
539,🐖,pig,돼지,돼지
540,🐗,boar,수퇘지,수퇘지
541,🐽,pig nose,돼지 코,돼지 코
542,🐏,ram,램,램
543,🐑,ewe,암양,암양
544,🐐,goat,염소,염소
545,🐪,camel,낙타,낙타
546,🐫,two-hump camel,2개의 혹을 가진 낙타,2 혹 낙타
547,🦙,llama,야마,야마
548,🦒,giraffe,기린,기린
549,🐘,elephant,코끼리,코끼리
550,🦣,mammoth,거대한,거대한
551,🦏,rhinoceros,코뿔소,코뿔소
552,🦛,hippopotamus,하마,하마
553,🐭,mouse face,쥐 얼굴,마우스 얼굴
554,🐁,mouse,쥐,쥐
555,🐀,rat,쥐,쥐
556,🐹,hamster,햄스터,햄스터
557,🐰,rabbit face,토끼 얼굴,토끼 얼굴
558,🐇,rabbit,토끼,토끼
559,🐿,chipmunk,다람쥐,다람쥐
560,🦫,beaver,비버,비버
561,🦔,hedgehog,고슴도치,고슴도치
562,🦇,bat,박쥐,박쥐
563,🐻,bear,곰,곰
564,🐻‍❄️,polar bear,북극곰,북극곰
565,🐨,koala,코알라,코알라
566,🐼,panda,팬더,팬더
567,🦥,sloth,나태,나태
568,🦦,otter,수달,수달
569,🦨,skunk,스컹크,스컹크
570,🦘,kangaroo,캥거루,캥거루
571,🦡,badger,오소리,오소리
572,🐾,paw prints,발자국,발자국
573,🦃,turkey,칠면조,칠면조
574,🐔,chicken,닭,닭
575,🐓,rooster,수탉,수탉
576,🐣,hatching chick,부화하는 병아리,병아리를 부화
577,🐤,baby chick,아기 병아리,아기 병아리
578,🐥,front-facing baby chick,병아리 정면,전면에 직면하는 아기 병아리
579,🐦,bird,새,새
580,🐧,penguin,펭귄,펭귄
581,🕊,dove,비둘기,비둘기
582,🦅,eagle,독수리,독수리
583,🦆,duck,오리,오리
584,🦢,swan,백조,백조
585,🦉,owl,올빼미,올빼미
586,🦤,dodo,도도,도도
587,🪶,feather,깃털,깃털
588,🦩,flamingo,플라밍고,플라밍고
589,🦚,peacock,공작,공작
590,🦜,parrot,앵무새,앵무새
591,🐸,frog,개구리,개구리
592,🐊,crocodile,악어,악어
593,🐢,turtle,거북이,거북이
594,🦎,lizard,도마뱀,도마뱀
595,🐍,snake,뱀,뱀
596,🐲,dragon face,용면,용면
597,🐉,dragon,용,용
598,🦕,sauropod,공룡,Sauropod.
599,🦖,T-Rex,티라노사우로스,T-Rex
600,🐳,spouting whale,물 뿜는 고래,고래를 주저
601,🐋,whale,고래,고래
602,🐬,dolphin,돌고래,돌고래
603,🦭,seal,봉인,봉인
604,🐟,fish,생선,생선
605,🐠,tropical fish,열대어,열대어
606,🐡,blowfish,복어,복어
607,🦈,shark,상어,상어
608,🐙,octopus,문어,문어
609,🐚,spiral shell,나선형 껍질,나선형 껍질
610,🐌,snail,달팽이,달팽이
611,🦋,butterfly,나비,나비
612,🐛,bug,벌레,벌레
613,🐜,ant,개미,개미
614,🐝,honeybee,꿀벌,꿀벌
615,🪲,beetle,딱정벌레,딱정벌레
616,🐞,lady beetle,레이디 딱정벌레,레이디 딱정벌레
617,🦗,cricket,크리켓,크리켓
618,🪳,cockroach,바퀴벌레,바퀴벌레
619,🕷,spider,거미,거미
620,🕸,spider web,거미줄,거미줄
621,🦂,scorpion,투석기,투석기
622,🦟,mosquito,모기,모기
623,🪰,fly,파리,파리
624,🪱,worm,벌레,벌레
625,🦠,microbe,미생물,미생물
626,💐,bouquet,꽃다발,꽃다발
627,🌸,cherry blossom,벚꽃,벚꽃
628,💮,white flower,흰 꽃,흰 꽃
629,🏵,rosette,장미 매듭,장미 매듭
630,🌹,rose,장미,장미
631,🥀,wilted flower,시든 꽃,Wilted flower.
632,🌺,hibiscus,히비스커스,히비스커스
633,🌻,sunflower,해바라기,해바라기
634,🌼,blossom,꽃,꽃
635,🌷,tulip,튤립,튤립
636,🌱,seedling,모,모
637,🪴,potted plant,화분에 심은 식물,화분에 심은 식물
638,🌲,evergreen tree,에버그린 나무,에버그린 나무
639,🌳,deciduous tree,낙엽수 나무,낙엽수 나무
640,🌴,palm tree,야자수,야자수
641,🌵,cactus,선인장,선인장
642,🌾,sheaf of rice,찹쌀 뭉치,찹쌀 뭉치
643,🌿,herb,목초,목초
644,☘,shamrock,토끼풀,토끼풀
645,🍀,four leaf clover,네 잎 클로버,네 잎 클로버
646,🍁,maple leaf,단풍잎,단풍잎
647,🍂,fallen leaf,낙엽,낙엽
648,🍃,leaf fluttering in wind,바람에 날리는 잎,바람에 나부끼고 잎
649,🍇,grapes,포도,포도
650,🍈,melon,멜론,멜론
651,🍉,watermelon,수박,수박
652,🍊,tangerine,귤,귤
653,🍋,lemon,레몬,레몬
654,🍌,banana,바나나,바나나
655,🍍,pineapple,파인애플,파인애플
656,🥭,mango,망고,망고
657,🍎,red apple,빨간 사과,빨간 사과
658,🍏,green apple,녹색 사과,녹색 사과
659,🍐,pear,배,배
660,🍑,peach,복숭아,복숭아
661,🍒,cherries,버찌,버찌
662,🍓,strawberry,딸기,딸기
663,🫐,blueberries,블루 베리,블루 베리
664,🥝,kiwi fruit,키위 과일,키위 과일
665,🍅,tomato,토마토,토마토
666,🫒,olive,올리브,올리브
667,🥥,coconut,코코넛,코코넛
668,🥑,avocado,아보카도,아보카도
669,🍆,eggplant,가지,가지
670,🥔,potato,감자,감자
671,🥕,carrot,당근,당근
672,🌽,ear of corn,옥수수 껍데기,옥수수 껍데기
673,🌶,hot pepper,매운 고추,매운 고추
674,🫑,bell pepper,피망,피망
675,🥒,cucumber,오이,오이
676,🥬,leafy green,잎이 많은 녹색,잎이 많은 녹색
677,🥦,broccoli,브로콜리,브로콜리
678,🧄,garlic,마늘,마늘
679,🧅,onion,양파,양파
680,🍄,mushroom,버섯,버섯
681,🥜,peanuts,땅콩,땅콩
682,🌰,chestnut,밤나무,밤나무
683,🍞,bread,빵,빵
684,🥐,croissant,크로와상,크로와상
685,🥖,baguette bread,바게트 빵,바게트 빵
686,🫓,flatbread,플랫 브레드,플랫 브레드
687,🥨,pretzel,프레첼,프레첼
688,🥯,bagel,베이글,베이글
689,🥞,pancakes,팬케이크,팬케이크
690,🧇,waffle,와플,와플
691,🧀,cheese wedge,치즈 쐐기,치즈 쐐기
692,🍖,meat on bone,뼈에 고기,뼈에 고기
693,🍗,poultry leg,가금류 다리,가금류 다리
694,🥩,cut of meat,고기를 자른다,고기를 자른다
695,🥓,bacon,베이컨,베이컨
696,🍔,hamburger,햄버거,햄버거
697,🍟,french fries,감자 튀김,감자 튀김
698,🍕,pizza,피자,피자
699,🌭,hot dog,핫도그,핫도그
700,🥪,sandwich,샌드위치,샌드위치
701,🌮,taco,타코,타코
702,🌯,burrito,부리토,부리토
703,🫔,tamale,타협,타협
704,🥙,stuffed flatbread,박제 된 플랫,박제 된 플랫
705,🧆,falafel,팔라 펠,팔라 펠
706,🥚,egg,계란,계란
707,🍳,cooking,요리,요리
708,🥘,shallow pan of food,음식의 얕은 팬,음식의 얕은 팬
709,🍲,pot of food,음식의 냄비,음식의 냄비
710,🫕,fondue,폰듀,폰듀
711,🥣,bowl with spoon,숟가락 그릇,숟가락 그릇
712,🥗,green salad,그린 샐러드,그린 샐러드
713,🍿,popcorn,팝콘,팝콘
714,🧈,butter,버터,버터
715,🧂,salt,소금,소금
716,🥫,canned food,통조림 식품,통조림 식품
717,🍱,bento box,벤토 박스,벤토 박스
718,🍘,rice cracker,쌀 크래커,쌀 크래커
719,🍙,rice ball,주먹밥,주먹밥
720,🍚,cooked rice,요리 된 쌀,요리 된 쌀
721,🍛,curry rice,카레 밥,카레 밥
722,🍜,steaming bowl,김이 나는 그릇,김이 나는 그릇
723,🍝,spaghetti,스파게티,스파게티
724,🍠,roasted sweet potato,볶은 고구마,볶은 고구마
725,🍢,oden,오뎅,oden.
726,🍣,sushi,회,회
727,🍤,fried shrimp,새우 튀김,새우 튀김
728,🍥,fish cake with swirl,소용돌이와 물고기 케이크,소용돌이와 물고기 케이크
729,🥮,moon cake,달 케이크,달 케이크
730,🍡,dango,경단,경단
731,🥟,dumpling,심,심
732,🥠,fortune cookie,포춘 쿠키,포춘 쿠키
733,🥡,takeout box,테이크 아웃 상자,테이크 아웃 상자
734,🦀,crab,게,게
735,🦞,lobster,랍스터,랍스터
736,🦐,shrimp,새우,새우
737,🦑,squid,오징어,오징어
738,🦪,oyster,굴,굴
739,🍦,soft ice cream,부드러운 아이스크림,부드러운 아이스크림
740,🍧,shaved ice,빙수,빙수
741,🍨,ice cream,아이스크림,아이스크림
742,🍩,doughnut,도넛,도넛
743,🍪,cookie,쿠키,쿠키
744,🎂,birthday cake,생일 케이크,생일 케이크
745,🍰,shortcake,단축케,단축케
746,🧁,cupcake,컵케익,컵케익
747,🥧,pie,파이,파이
748,🍫,chocolate bar,초콜릿 바,초콜릿 바
749,🍬,candy,사탕,사탕
750,🍭,lollipop,사탕 과자,사탕 과자
751,🍮,custard,커스터드,커스터드
752,🍯,honey pot,꿀단지,꿀단지
753,🍼,baby bottle,아기 병,아기 병
754,🥛,glass of milk,우유 한 잔,우유 한 잔
755,☕,hot beverage,뜨거운 음료,뜨거운 음료
756,🫖,teapot,차 주전자,찻 주전자
757,🍵,teacup without handle,손잡이 없는 찻잔,찻잔 손잡이가없는
758,🍶,sake,사케,때문
759,🍾,bottle with popping cork,코르크를 터뜨린 병,코르크를 터뜨린 병
760,🍷,wine glass,와인 잔,와인 잔
761,🍸,cocktail glass,칵테일 잔,칵테일 잔
762,🍹,tropical drink,열대 음료,열대 음료
763,🍺,beer mug,맥주 잔,맥주 잔
764,🍻,clinking beer mugs,맥주 머그잔 짠,맥주 머그잔 clinking
765,🥂,clinking glasses,유리잔 짠,clinking 안경
766,🥃,tumbler glass,텀블러 유리,텀블러 유리
767,🥤,cup with straw,컵 컵,컵 컵
768,🧋,bubble tea,버블티,버블티
769,🧃,beverage box,음료 상자,음료 상자
770,🧉,mate,친구,친구
771,🧊,ice,빙,빙
772,🥢,chopsticks,젓가락,젓가락
773,🍽,fork and knife with plate,접시와 포크와 나이프,접시와 포크와 나이프
774,🍴,fork and knife,포크와 칼,포크와 칼
775,🥄,spoon,숟가락,숟가락
776,🔪,kitchen knife,부엌 칼,부엌 칼
777,🏺,amphora,암포라,amphora.
778,🌍,globe showing Europe-Africa,유럽 - 아프리카를 보여주는 글로브,유럽 - 아프리카를 보여주는 글로브
779,🌎,globe showing Americas,아메리카를 보여주는 글로브,아메리카를 보여주는 글로브
780,🌏,globe showing Asia-Australia,아시아 호주를 보여주는 글로브,아시아 호주를 보여주는 글로브
781,🌐,globe with meridians,경제와 글로브,경제와 글로브
782,🗺,world map,세계지도,세계지도
783,🗾,map of Japan,일본의지도,일본의지도
784,🧭,compass,나침반,나침반
785,🏔,snow-capped mountain,눈 덮인 산,눈 덮인 산
786,⛰,mountain,산,산
787,🌋,volcano,화산,화산
788,🗻,mount fuji,후지산,후지산
789,🏕,camping,캠핑,캠핑
790,🏖,beach with umbrella,우산 해변,우산 해변
791,🏜,desert,사막,사막
792,🏝,desert island,사막의 섬,사막의 섬
793,🏞,national park,국립 공원,국립 공원
794,🏟,stadium,경기장,경기장
795,🏛,classical building,고전적인 건물,고전적인 건물
796,🏗,building construction,건물 건설,건물 건설
797,🧱,brick,벽돌,벽돌
798,🪨,rock,바위,바위
799,🪵,wood,목재,목재
800,🛖,hut,오두막,오두막
801,🏘,houses,주택,주택
802,🏚,derelict house,버려진 주택,버려진 주택
803,🏠,house,집,집
804,🏡,house with garden,정원 집,정원 집
805,🏢,office building,사무실 건물,사무실 건물
806,🏣,Japanese post office,일본 우체국,일본 우체국
807,🏤,post office,우체국,우체국
808,🏥,hospital,병원,병원
809,🏦,bank,은행,은행
810,🏨,hotel,호텔,호텔
811,🏩,love hotel,모텔,Love Hotel.
812,🏪,convenience store,편의점,편의점
813,🏫,school,학교,학교
814,🏬,department store,백화점,백화점
815,🏭,factory,공장,공장
816,🏯,Japanese castle,일본 성,일본 성
817,🏰,castle,성,성
818,💒,wedding,혼례,혼례
819,🗼,Tokyo tower,도쿄 타워,도쿄 타워
820,🗽,Statue of Liberty,자유의 여신상,자유의 여신상
821,⛪,church,교회,교회
822,🕌,mosque,사원,사원
823,🛕,hindu temple,힌두교 사원,힌두교 사원
824,🕍,synagogue,유태 교회당,유태 교회당
825,⛩,shinto shrine,신사 신사,신사 신사
826,🕋,kaaba,카바,kaaba.
827,⛲,fountain,분수,분수
828,⛺,tent,텐트,텐트
829,🌁,foggy,흐린,흐린
830,🌃,night with stars,별과 밤,별과 밤
831,🏙,cityscape,도시 풍경,도시 풍경
832,🌄,sunrise over mountains,산 위에 일출,산 위에 일출
833,🌅,sunrise,해돋이,해돋이
834,🌆,cityscape at dusk,저녁 도시 풍경입니다,Dusk에서 도시 풍경입니다
835,🌇,sunset,일몰,일몰
836,🌉,bridge at night,밤 다리,밤에 다리
837,♨,hot springs,온천,온천
838,🎠,carousel horse,회전 목마 말,회전 목마 말
839,🎡,ferris wheel,관람차,관람차
840,🎢,roller coaster,롤러 코스터,롤러 코스터
841,💈,barber pole,이발소의 간판 기둥,이발소의 간판 기둥
842,🎪,circus tent,서커스 텐트,서커스 텐트
843,🚂,locomotive,기관차,기관차
844,🚃,railway car,철도 차,철도 차
845,🚄,high-speed train,고속 열차,고속 열차
846,🚅,bullet train,초고속 열차,초고속 열차
847,🚆,train,기차,기차
848,🚇,metro,지하철,지하철
849,🚈,light rail,라이트 레일,라이트 레일
850,🚉,station,역,역
851,🚊,tram,시가 전차,시가 전차
852,🚝,monorail,모노레일,모노레일
853,🚞,mountain railway,산 철도,산 철도
854,🚋,tram car,트램 차,트램 차
855,🚌,bus,버스,버스
856,🚍,oncoming bus,다가오는 버스,다가오는 버스
857,🚎,trolleybus,무궤도 전차,무궤도 전차
858,🚐,minibus,소형 버스,소형 버스
859,🚑,ambulance,구급차,구급차
860,🚒,fire engine,소방차,소방차
861,🚓,police car,경찰차,경찰차
862,🚔,oncoming police car,다가오는 경찰차,다가오는 경찰차
863,🚕,taxi,택시,택시
864,🚖,oncoming taxi,다가오는 택시,다가오는 택시
865,🚗,automobile,자동차,자동차
866,🚘,oncoming automobile,다가오는 자동차,다가오는 자동차
867,🚙,sport utility vehicle,스포츠 유틸리티 차량,스포츠 유틸리티 차량
868,🛻,pickup truck,픽업 트럭,픽업 트럭
869,🚚,delivery truck,배달 트럭,배달 트럭
870,🚛,articulated lorry,뚜렷한 트럭,뚜렷한 트럭
871,🚜,tractor,트랙터,트랙터
872,🏎,racing car,경주 용 자동차,경주 용 자동차
873,🏍,motorcycle,오토바이,오토바이
874,🛵,motor scooter,모터 스쿠터,모터 스쿠터
875,🦽,manual wheelchair,수동 휠체어,수동 휠체어
876,🦼,motorized wheelchair,전동 휠체어,전동 휠체어
877,🛺,auto rickshaw,자동 인력거,자동 인력거
878,🚲,bicycle,자전거,자전거
879,🛴,kick scooter,킥보드,킥 스쿠터
880,🛹,skateboard,스케이트 보드,스케이트 보드
881,🛼,roller skate,롤러 스케이트,롤러 스케이트
882,🚏,bus stop,버스 정류장,버스 정류장
883,🛣,motorway,고속 도로,고속 도로
884,🛤,railway track,기찻길,기찻길
885,🛢,oil drum,기름 통,기름 통
886,⛽,fuel pump,연료 펌프,연료 펌프
887,🚨,police car light,경찰 자동차 라이트,경찰 자동차 라이트
888,🚥,horizontal traffic light,가로 신호등,가로 신호등
889,🚦,vertical traffic light,수직 신호등,수직 신호등
890,🛑,stop sign,정지 신호,정지 신호
891,🚧,construction,건설,건설
892,⚓,anchor,닻,닻
893,⛵,sailboat,요트,요트
894,🛶,canoe,카누,카누
895,🚤,speedboat,빠른 보트,쾌속정
896,🛳,passenger ship,여객선,여객선
897,⛴,ferry,나룻배,나룻배
898,🛥,motor boat,모터 보트,모터 보트
899,🚢,ship,배,배
900,✈,airplane,비행기,비행기
901,🛩,small airplane,작은 비행기,작은 비행기
902,🛫,airplane departure,비행기 출발,비행기 출발
903,🛬,airplane arrival,비행기 도착,비행기 도착
904,🪂,parachute,낙하산,낙하산
905,💺,seat,좌석,좌석
906,🚁,helicopter,헬리콥터,헬리콥터
907,🚟,suspension railway,정차한 철도,서스펜션 철도
908,🚠,mountain cableway,산악 케이블카,산 케이블 웨이
909,🚡,aerial tramway,공중 케이블카,공중 트램 웨이
910,🛰,satellite,인공위성,위성
911,🚀,rocket,로켓,로켓
912,🛸,flying saucer,비행 접시,비행 접시
913,🛎,bellhop bell,호출 벨,Bellhop Bell.
914,🧳,luggage,수화물,수화물
915,⌛,hourglass done,모래 시계,모래 시계 완료
916,⏳,hourglass not done,모래 시계 떨어지는 중,모래 시계가 완료되지 않았습니다
917,⌚,watch,손목 시계,손목 시계
918,⏰,alarm clock,알람 시계,알람 시계
919,⏱,stopwatch,스톱워치,스톱워치
920,⏲,timer clock,타이머,타이머 시계
921,🕰,mantelpiece clock,벽난로 시계,벽난로 클럭
922,🕛,twelve o’clock,12시,열두시
923,🕧,twelve-thirty,12시 30분,12시 30 분
924,🕐,one o’clock,1시,한시
925,🕜,one-thirty,1시 30분,1시 30 일
926,🕑,two o’clock,2시,2시
927,🕝,two-thirty,2시 30분,2 ~ 30
928,🕒,three o’clock,3시,3시
929,🕞,three-thirty,3시 30분,3-30.
930,🕓,four o’clock,4시,4시
931,🕟,four-thirty,4시 30분,4-30.
932,🕔,five o’clock,5시,다섯시
933,🕠,five-thirty,5시 30분,5-30.
934,🕕,six o’clock,6시,여섯시
935,🕡,six-thirty,6시 30분,6시 30 분
936,🕖,seven o’clock,7시,일곱시
937,🕢,seven-thirty,7시 30분,7시 30 일
938,🕗,eight o’clock,8시,여덟시
939,🕣,eight-thirty,8시 30분,여덟시 삼십분
940,🕘,nine o’clock,9시,아홉시
941,🕤,nine-thirty,9시 30분,9-30.
942,🕙,ten o’clock,10시,열시
943,🕥,ten-thirty,10시 30분,10 번째
944,🕚,eleven o’clock,11시,열 한시
945,🕦,eleven-thirty,11시 30분,열한시 삼십분
946,🌑,new moon,뉴 문,뉴 문
947,🌒,waxing crescent moon,초승달,초승달 왁싱
948,🌓,first quarter moon,상현달,1 분기 달
949,🌔,waxing gibbous moon,꽉찬 상현달,왁싱 기비 달
950,🌕,full moon,보름달,보름달
951,🌖,waning gibbous moon,꽉찬 하현달,Waning Gibbous Moon
952,🌗,last quarter moon,하현달,지난 분기 달
953,🌘,waning crescent moon,그믐달,Waning Crescent Moon
954,🌙,crescent moon,초승달,초승달
955,🌚,new moon face,달 모양 얼굴,새로운 달 얼굴
956,🌛,first quarter moon face,상현달 모양 얼굴,1 분기 달 얼굴
957,🌜,last quarter moon face,하현달 모양 얼굴,지난 분기 달 얼굴
958,🌡,thermometer,온도계,온도계
959,☀,sun,해,해
960,🌝,full moon face,보름달 모양 얼굴,보름달 얼굴
961,🌞,sun with face,태양 모양 얼굴,태양과 얼굴
962,🪐,ringed planet,고리가 있는 행성,고리가있는 행성
963,⭐,star,별,별
964,🌟,glowing star,빛나는 별,빛나는 별
965,🌠,shooting star,별똥별,슈팅 스타
966,🌌,milky way,은하수,은하수
967,☁,cloud,구름,구름
968,⛅,sun behind cloud,구름 뒤에 태양,구름 뒤에 태양
969,⛈,cloud with lightning and rain,번개와 비 구름,번개와 비가 구름
970,🌤,sun behind small cloud,작은 구름 뒤에 태양,작은 구름 뒤에 태양
971,🌥,sun behind large cloud,큰 구름 뒤에 태양,큰 구름 뒤에 태양
972,🌦,sun behind rain cloud,비 구름 뒤에 태양,비 구름 뒤에 태양
973,🌧,cloud with rain,비 구름,비와 구름
974,🌨,cloud with snow,눈 구름,눈이 구름
975,🌩,cloud with lightning,번개 구름,번개가있는 구름
976,🌪,tornado,폭풍,폭풍
977,🌫,fog,안개,안개
978,🌬,wind face,바람 모양 얼굴,바람 얼굴
979,🌀,cyclone,회오리,집진 장치
980,🌈,rainbow,무지개,무지개
981,🌂,closed umbrella,접힌 우산,닫힌 우산
982,☂,umbrella,펼쳐진 우산,우산
983,☔,umbrella with rain drops,빗방울 떨어지는 우산,비가 방울과 우산입니다
984,⛱,umbrella on ground,파라솔,지상에 우산
985,⚡,high voltage,번개,높은 전압
986,❄,snowflake,눈송이,눈송이
987,☃,snowman,눈사람,눈사람
988,⛄,snowman without snow,눈이없는 눈사람,눈이없는 눈사람
989,☄,comet,혜성,혜성
990,🔥,fire,불,불
991,💧,droplet,작은 물방울,작은 물방울
992,🌊,water wave,파도,물파
993,🎃,jack-o-lantern,잭-오-랜턴,Gek-O-Lincern.
994,🎄,Christmas tree,크리스마스 트리,크리스마스 트리
995,🎆,fireworks,불꽃놀이,불꽃
996,🎇,sparkler,불꽃,빛나는 것
997,🧨,firecracker,다이너마이트,폭죽
998,✨,sparkles,반짝임,반짝임
999,🎈,balloon,풍선,풍선
1000,🎉,party popper,축하 폭죽,파티 포퍼
1001,🎊,confetti ball,박터트리기,색종이 공
1002,🎋,tanabata tree,소원을 건 나무,타나 바타 나무
1003,🎍,pine decoration,소나무 장식,소나무 장식
1004,🎎,Japanese dolls,일본인 인형,일본인 인형
1005,🎏,carp streamer,물고기 깃발,잉어 유영자
1006,🎐,wind chime,풍경,바람 차임
1007,🎑,moon viewing ceremony,달맞이,달 보기식
1008,🧧,red envelope,빨간 봉투,빨간 봉투
1009,🎀,ribbon,리본,리본
1010,🎁,wrapped gift,포장 된 선물,포장 된 선물
1011,🎗,reminder ribbon,노란 리본,알림 리본
1012,🎟,admission tickets,입장권,입장권
1013,🎫,ticket,티켓,티켓
1014,🎖,military medal,훈장,군사 메달
1015,🏆,trophy,트로피,트로피
1016,🏅,sports medal,스포츠 메달,스포츠 메달
1017,🥇,1st place medal,금메달,1 위 메달
1018,🥈,2nd place medal,은메달,2 위 메달
1019,🥉,3rd place medal,동메달,제 3 회 메달
1020,⚽,soccer ball,축구공,축구 공
1021,⚾,baseball,야구공,야구
1022,🥎,softball,소프트볼공,소프트볼
1023,🏀,basketball,농구공,농구
1024,🏐,volleyball,배구공,배구
1025,🏈,american football,미식 축구공,미식 축구
1026,🏉,rugby football,럭비 축구공,럭비 축구
1027,🎾,tennis,테니스 공,테니스
1028,🥏,flying disc,원반,비행 디스크
1029,🎳,bowling,볼링공 핀,볼링
1030,🏏,cricket game,크리켓 게임,크리켓 게임
1031,🏑,field hockey,필드 하키,필드 하키
1032,🏒,ice hockey,아이스 하키,아이스 하키
1033,🥍,lacrosse,라크로스,라크로스
1034,🏓,ping pong,탁구,탁구
1035,🏸,badminton,배드민턴,배드민턴
1036,🥊,boxing glove,권투 글러브,권투 글러브
1037,🥋,martial arts uniform,무술 유니폼,무술 유니폼
1038,🥅,goal net,목표 그물,목표 그물
1039,⛳,flag in hole,구멍에 깃발,구멍에 깃발
1040,⛸,ice skate,아이스 스케이트,아이스 스케이트
1041,🎣,fishing pole,낚시대,낚시대
1042,🤿,diving mask,다이빙 마스크,다이빙 마스크
1043,🎽,running shirt,러닝 셔츠,셔츠를 러닝
1044,🎿,skis,스키,스키
1045,🛷,sled,썰매,~ 후에
1046,🥌,curling stone,컬링 돌,컬링 돌
1047,🎯,bullseye,과녁 다트,황소의 눈
1048,🪀,yo-yo,요요,요
1049,🪁,kite,연,연
1050,🎱,pool 8 ball,포켓볼 공,수영장 8 공
1051,🔮,crystal ball,크리스탈 공,크리스탈 볼
1052,🪄,magic wand,마법의지팡이,마법의 지팡이
1053,🧿,nazar amulet,악마의 눈,멍청이를 알아라
1054,🎮,video game,비디오 게임,비디오 게임
1055,🕹,joystick,조이스틱,조종간
1056,🎰,slot machine,슬롯 머신,슬롯 머신
1057,🎲,game die,주사위,게임 Die.
1058,🧩,puzzle piece,퍼즐 조각,퍼즐 조각
1059,🧸,teddy bear,테디 베어,테디 베어
1060,🪅,piñata,피냐타,피냐아
1061,🪆,nesting dolls,마트료시카 인형,인형 중첩
1062,♠,spade suit,스페이드,스페이드 슈트
1063,♥,heart suit,검정색 하트,심장 정장
1064,♦,diamond suit,검정색 다이아몬드,다이아몬드 슈트
1065,♣,club suit,검정색 클로버,클럽 슈트
1066,♟,chess pawn,체스 폰,체스 폰
1067,🃏,joker,조커,조커
1068,🀄,mahjong red dragon,마작,마작 레드 드래곤
1069,🎴,flower playing cards,화투,꽃 카드 놀이
1070,🎭,performing arts,가면,공연 예술
1071,🖼,framed picture,액자 그림,액자 그림
1072,🎨,artist palette,팔레트,아티스트 팔레트
1073,🧵,thread,실,실
1074,🪡,sewing needle,재봉 바늘,재봉 바늘
1075,🧶,yarn,털뭉치,실
1076,🪢,knot,매듭,매듭
1077,👓,glasses,안경,안경
1078,🕶,sunglasses,선글라스,색안경
1079,🥽,goggles,고글,고글
1080,🥼,lab coat,실험복,실험복
1081,🦺,safety vest,안전 조끼,안전 조끼
1082,👔,necktie,넥타이,넥타이
1083,👕,t-shirt,티셔츠,티셔츠
1084,👖,jeans,청바지,청바지
1085,🧣,scarf,스카프,스카프
1086,🧤,gloves,장갑,장갑
1087,🧥,coat,코트,코트
1088,🧦,socks,양말,양말
1089,👗,dress,드레스,드레스
1090,👘,kimono,기모노,키모노
1091,🥻,sari,인도 여성 전통의상 사리,사리
1092,🩱,one-piece swimsuit,원피스 수영복,원피스 수영복
1093,🩲,briefs,삼각 팬티,적요
1094,🩳,shorts,반바지,반바지
1095,👙,bikini,비키니,비키니
1096,👚,woman’s clothes,여자 티셔츠,여자의 옷
1097,👛,purse,지갑,지갑
1098,👜,handbag,핸드백,핸드백
1099,👝,clutch bag,클러치 백,클러치 백
1100,🛍,shopping bags,쇼핑백,쇼핑백
1101,🎒,backpack,배낭,배낭
1102,🩴,thong sandal,쪼리,끈 팬티
1103,👞,man’s shoe,남자 구두,남자의 신발
1104,👟,running shoe,러닝 신발,러닝 슈즈
1105,🥾,hiking boot,등산화,하이킹 부팅
1106,🥿,flat shoe,플랫 신발,플랫 신발
1107,👠,high-heeled shoe,하이힐,높은 굽의 구두
1108,👡,woman’s sandal,여성 샌들,여성 샌들
1109,🩰,ballet shoes,발레 슈즈,발레 슈즈
1110,👢,woman’s boot,여자 부츠,여자의 부츠
1111,👑,crown,왕관,왕관
1112,👒,woman’s hat,여자 모자,여자의 모자
1113,🎩,top hat,모자,모자
1114,🎓,graduation cap,졸업 모자 학사모,졸업 모자
1115,🧢,billed cap,야구 모자,청구 된 캡
1116,🪖,military helmet,군용 헬멧,군사 헬멧
1117,⛑,rescue worker’s helmet,구조 작업자 헬멧,구조 작업자의 헬멧
1118,📿,prayer beads,묵주,기도 구슬
1119,💄,lipstick,립스틱,립스틱
1120,💍,ring,반지,반지
1121,💎,gem stone,다이아몬드,보석 돌
1122,🔇,muted speaker,음소거 된 스피커,음소거 된 스피커
1123,🔈,speaker low volume,스피커 낮은 볼륨,Speaker Low Volume
1124,🔉,speaker medium volume,스피커 중간 볼륨,스피커 중간 볼륨
1125,🔊,speaker high volume,스피커 높은 볼륨,스피커 높은 볼륨
1126,📢,loudspeaker,확성기,확성기
1127,📣,megaphone,메가폰,메가폰
1128,📯,postal horn,호른,우편 경적
1129,🔔,bell,벨,벨
1130,🔕,bell with slash,음소거 벨,벨 슬래시
1131,🎼,musical score,높은음 자리표,뮤지컬 점수
1132,🎵,musical note,잇단 음표,음표
1133,🎶,musical notes,8분 음표 여러개,뮤지컬 악보
1134,🎙,studio microphone,스튜디오 마이크,스튜디오 마이크
1135,🎚,level slider,레벨 슬라이더 이퀄라이저,레벨 슬라이더
1136,🎛,control knobs,제어 노브,제어 노브
1137,🎤,microphone,마이크,마이크로폰
1138,🎧,headphone,헤드폰,헤드폰
1139,📻,radio,라디오,라디오
1140,🎷,saxophone,색소폰,색소폰
1141,🪗,accordion,아코디언,아코디언
1142,🎸,guitar,일렉 기타,기타
1143,🎹,musical keyboard,건반,뮤지컬 키보드
1144,🎺,trumpet,트럼펫,트럼펫
1145,🎻,violin,바이올린,바이올린
1146,🪕,banjo,밴조,밴조
1147,🥁,drum,북,북
1148,🪘,long drum,긴 드럼,긴 드럼
1149,📱,mobile phone,휴대 전화,휴대 전화
1150,📲,mobile phone with arrow,화살표가있는 휴대 전화,화살표가있는 휴대 전화
1151,☎,telephone,전화,전화
1152,📞,telephone receiver,전화 수신기,전화 수신기
1153,📟,pager,휴대용 소형 무선 호출기,휴대용 소형 무선 호출기
1154,📠,fax machine,팩스,팩스
1155,🔋,battery,배터리,배터리
1156,🔌,electric plug,전기 플러그,전기 플러그
1157,💻,laptop,노트북,노트북
1158,🖥,desktop computer,데스크탑 컴퓨터,데스크탑 컴퓨터
1159,🖨,printer,인쇄기,인쇄기
1160,⌨,keyboard,컴퓨터 키보드,건반
1161,🖱,computer mouse,컴퓨터 마우스,컴퓨터 마우스
1162,🖲,trackball,트랙볼,트랙볼
1163,💽,computer disk,컴퓨터 디스크,컴퓨터 디스크
1164,💾,floppy disk,플로피 디스크,플로피 디스크
1165,💿,optical disk,광 디스크,광 디스크
1166,📀,dvd,DVD,DVD
1167,🧮,abacus,주판,주판
1168,🎥,movie camera,영화 카메라,영화 카메라
1169,🎞,film frames,필름 프레임,필름 프레임
1170,📽,film projector,필름 프로젝터,필름 프로젝터
1171,🎬,clapper board,클래퍼 보드,클래퍼 보드
1172,📺,television,텔레비전,텔레비전
1173,📷,camera,필름 카메라,카메라
1174,📸,camera with flash,플래시가있는 필름 카메라,플래시가있는 카메라
1175,📹,video camera,비디오 카메라,비디오 카메라
1176,📼,videocassette,비디오 카세트,비디오 카세트
1177,🔍,magnifying glass tilted left,왼쪽으로 기울인 돋보기,돋보기가 왼쪽으로 기울어졌습니다
1178,🔎,magnifying glass tilted right,오른쪽으로 기울인 돋보기,돋보기는 오른쪽으로 기울어졌습니다
1179,🕯,candle,양초,양초
1180,💡,light bulb,전구,전구
1181,🔦,flashlight,플래시,플래시
1182,🏮,red paper lantern,빨간 종이 랜턴,빨간 종이 랜턴
1183,🪔,diya lamp,기름 램프,램프를 주었다
1184,📔,notebook with decorative cover,장식된 공책,장식 커버와 함께 노트북
1185,📕,closed book,닫혀있는 공책,폐쇄 된 책
1186,📖,open book,펴져있는 공책,책 공개 시험
1187,📗,green book,녹색 공책,녹색 책
1188,📘,blue book,파란색 공책,블루 책
1189,📙,orange book,주황색 공책,오렌지 책
1190,📚,books,서적,서적
1191,📓,notebook,검정색 공책,공책
1192,📒,ledger,장부,원장
1193,📃,page with curl,아래 말려있는 종이,컬이있는 페이지
1194,📜,scroll,위 아래 말려있는 종이,스크롤
1195,📄,page facing up,오른쪽이 접혀있는 종이,페이지가 마주 치는 페이지
1196,📰,newspaper,신문,신문
1197,🗞,rolled-up newspaper,말린 신문,롤업 된 신문
1198,📑,bookmark tabs,북마크,북마크 탭
1199,🔖,bookmark,책갈피,서표
1200,🏷,label,상표,상표
1201,💰,money bag,돈 가방,돈 가방
1202,🪙,coin,동전,동전
1203,💴,yen banknote,엔 지폐,엔 은행권
1204,💵,dollar banknote,달러 지폐,달러 은행권
1205,💶,euro banknote,유로 지폐,유로 은행권
1206,💷,pound banknote,파운드 지폐,파운드 지폐
1207,💸,money with wings,날개가있는 지폐,날개가있는 돈
1208,💳,credit card,신용 카드,신용 카드
1209,🧾,receipt,영수증,영수증
1210,💹,chart increasing with yen,증가 차트 엔,차트가 엔으로 증가합니다
1211,✉,envelope,봉투,봉투
1212,📧,e-mail,이메일,이메일
1213,📨,incoming envelope,들어오는 봉투,들어오는 봉투
1214,📩,envelope with arrow,들어오는 화살표 봉투,화살표가있는 봉투
1215,📤,outbox tray,보낸 편지함,outbox 트레이
1216,📥,inbox tray,받은 편지함,받은 편지함 트레이
1217,📦,package,포장 상자,패키지
1218,📫,closed mailbox with raised flag,표지가 올라간 닫힌 우편함,제기 된 플래그가있는 닫힌 사서함
1219,📪,closed mailbox with lowered flag,표지가 내려간 닫힌 우편함,낮은 플래그가있는 닫힌 사서함
1220,📬,open mailbox with raised flag,표지가 올라간 열린 우편함,제기 된 플래그로 사서함을 엽니 다
1221,📭,open mailbox with lowered flag,표지가 내려간 열린 우편함,낮은 플래그로 사서함을 엽니 다
1222,📮,postbox,빨간 우편함,게시물 상자
1223,🗳,ballot box with ballot,투표 용지 상자,투표 용지 상자
1224,✏,pencil,연필,연필
1225,✒,black nib,검정 만연필 촉,흑인
1226,🖋,fountain pen,만년필,만년필
1227,🖊,pen,펜,펜
1228,🖌,paintbrush,붓,화필
1229,🖍,crayon,크레용,크레용
1230,📝,memo,메모,메모
1231,💼,briefcase,서류 가방,서류 가방
1232,📁,file folder,파일 폴더,파일 폴더
1233,📂,open file folder,열린 파일 폴더,파일 폴더를 엽니 다
1234,🗂,card index dividers,카드 색인 분배기,카드 색인 분배기
1235,📅,calendar,달력,달력
1236,📆,tear-off calendar,찢긴 달력,티셔츠 캘린더
1237,🗒,spiral notepad,나선철 제본 공책,나선형 메모장
1238,🗓,spiral calendar,나선철 제본 달력,나선형 캘린더
1239,📇,card index,카드 색인,카드 색인
1240,📈,chart increasing,차트 증가,차트 증가
1241,📉,chart decreasing,차트 감소,차트 감소
1242,📊,bar chart,막대 차트,막대 차트
1243,📋,clipboard,클립 보드,클립 보드
1244,📌,pushpin,각진 압정,푸시 핀
1245,📍,round pushpin,둥근 압정,라운드 압정
1246,📎,paperclip,클립,클립
1247,🖇,linked paperclips,연결된 클립,링크 된 클라이즈 클립
1248,📏,straight ruler,직선 자,스트레이트 룰러
1249,📐,triangular ruler,삼각형 눈금자,삼각형 눈금자
1250,✂,scissors,가위,가위
1251,🗃,card file box,카드 상자,카드 파일 상자
1252,🗄,file cabinet,서랍,파일 캐비닛
1253,🗑,wastebasket,휴지통,폐기물 건설
1254,🔒,locked,자물쇠 잠김,갇혀있다
1255,🔓,unlocked,자물쇠 열림,잠금 해제
1256,🔏,locked with pen,자물쇠 잠김 펜,펜으로 잠겨 있습니다
1257,🔐,locked with key,자물쇠 열림 열쇠,키로 잠겨 있습니다
1258,🔑,key,열쇠,열쇠
1259,🗝,old key,오래 된 열쇠,오래 된 키
1260,🔨,hammer,망치,망치
1261,🪓,axe,도끼,도끼
1262,⛏,pick,곡괭이,선택하다
1263,⚒,hammer and pick,망치 곡괭이,망치와 픽업
1264,🛠,hammer and wrench,망치 랜치,망치와 렌치
1265,🗡,dagger,단검,단검
1266,⚔,crossed swords,교차된 칼,교차 칼
1267,🔫,water pistol,물총,물 권총
1268,🪃,boomerang,부메랑,부메랑
1269,🏹,bow and arrow,활과 화살,활과 화살
1270,🛡,shield,방패,방패
1271,🪚,carpentry saw,목공 톱,목공 톱
1272,🔧,wrench,랜치,렌치
1273,🪛,screwdriver,드라이버,드라이버
1274,🔩,nut and bolt,너트와 볼트,너트와 볼트
1275,⚙,gear,기어,기어
1276,🗜,clamp,클램프,집게
1277,⚖,balance scale,저울,균형 규모
1278,🦯,white cane,흰색 지팡이,화이트 지팡이
1279,🔗,link,링크,링크
1280,⛓,chains,쇠사슬,쇠사슬
1281,🪝,hook,훅,훅
1282,🧰,toolbox,공구 상자,공구 상자
1283,🧲,magnet,자석,자석
1284,🪜,ladder,사다리,사다리
1285,⚗,alembic,증류기,증류기
1286,🧪,test tube,시험관,시험관
1287,🧫,petri dish,페트리 접시,페트리 접시
1288,🧬,dna,유전자,DNA.
1289,🔬,microscope,현미경,현미경
1290,🔭,telescope,망원경,망원경
1291,📡,satellite antenna,위성 안테나,위성 안테나
1292,💉,syringe,주사기,주사기
1293,🩸,drop of blood,피 방울,피를 떨어 뜨린다
1294,💊,pill,알약,알약
1295,🩹,adhesive bandage,반창고,접착 붕대
1296,🩺,stethoscope,청진기,청진기
1297,🚪,door,문,문
1298,🛗,elevator,엘리베이터,엘리베이터
1299,🪞,mirror,거울,거울
1300,🪟,window,창문,창문
1301,🛏,bed,침대,침대
1302,🛋,couch and lamp,소파와 램프,소파와 램프
1303,🪑,chair,의자,의자
1304,🚽,toilet,화장실,화장실
1305,🪠,plunger,플런저,플런저
1306,🚿,shower,샤워,샤워
1307,🛁,bathtub,욕조,목욕통
1308,🪤,mouse trap,쥐덫,마우스 트랩
1309,🪒,razor,면도칼,면도칼
1310,🧴,lotion bottle,로션 병,로션 병
1311,🧷,safety pin,안전 핀,안전핀
1312,🧹,broom,빗자루,비
1313,🧺,basket,바구니,바구니
1314,🧻,roll of paper,종이 롤,종이 롤
1315,🪣,bucket,양동이,버킷
1316,🧼,soap,비누,비누
1317,🪥,toothbrush,칫솔,칫솔
1318,🧽,sponge,스펀지,스펀지
1319,🧯,fire extinguisher,소화기,소화기
1320,🛒,shopping cart,쇼핑 카트,쇼핑 카트
1321,🚬,cigarette,담배,담배
1322,⚰,coffin,관,관
1323,🪦,headstone,주춧돌,주춧돌
1324,⚱,funeral urn,납골 단지,장례식 Urn.
1325,🗿,moai,모아이,모아이
1326,🪧,placard,플랜카드,방
1327,🏧,ATM sign,ATM 표시,ATM 서명
1328,🚮,litter in bin sign,쓰레기 버리는 표시,빈 기호에 쓰레기
1329,🚰,potable water,수도꼭지,식물
1330,♿,wheelchair symbol,휠체어 표시,휠체어 기호입니다
1331,🚹,men’s room,남자 화장실,남자 화장실
1332,🚺,women’s room,여자 화장실 ,여성용 방
1333,🚻,restroom,사람 모양 화장실 표시,화장실
1334,🚼,baby symbol,아기 표기,아기 기호
1335,🚾,water closet,WC 화장실 표시,화장실
1336,🛂,passport control,여권 통제 표시,여권 통제
1337,🛃,customs,세관,세관
1338,🛄,baggage claim,수하물 수취 표시,수하물 주장
1339,🛅,left luggage,잃어버린 수하물,짐 짐 수하물
1340,⚠,warning,경고,경고
1341,🚸,children crossing,어린이 횡단,어린이 횡단
1342,⛔,no entry,출입 금지,출입 불가
1343,🚫,prohibited,금지,금지되어있다
1344,🚳,no bicycles,자전거 진입 금지,자전거가 없습니다
1345,🚭,no smoking,금연,금연
1346,🚯,no littering,쓰레기 금지,쓰레기가 없어
1347,🚱,non-potable water,물 마시기 금지,비정용 물
1348,🚷,no pedestrians,보행자 금지,보행자가 없습니다
1349,📵,no mobile phones,전화 금지,휴대 전화가 없습니다
1350,🔞,no one under eighteen,18세 미만 금지,18 세 미만 아무도 없어
1351,☢,radioactive,방사능,방사능
1352,☣,biohazard,생물재해,바이오 하자드
1353,⬆,up arrow,위쪽 화살표,위쪽 화살표
1354,↗,up-right arrow,오른쪽 화살표,오른쪽 화살표
1355,➡,right arrow,오른쪽 화살표,오른쪽 화살표
1356,↘,down-right arrow,오른쪽 아래 화살표,아래쪽 화살표
1357,⬇,down arrow,아래쪽 화살표,아래쪽 화살표
1358,↙,down-left arrow,왼쪽 아래 화살표,왼쪽 아래 왼쪽 화살표
1359,⬅,left arrow,왼쪽 화살표,왼쪽 화살표
1360,↖,up-left arrow,왼쪽 위 화살표,위쪽 화살표
1361,↕,up-down arrow,위아래 화살표,위쪽 화살표
1362,↔,left-right arrow,오른쪽 왼쪽 화살표,왼쪽 오른쪽 화살표
1363,↩,right arrow curving left,왼쪽으로 꺾인 오른쪽 화살표,오른쪽 화살표 곡선 왼쪽
1364,↪,left arrow curving right,오른쪽으로 꺾인 왼쪽 화살표,왼쪽 화살표 커브 오른쪽
1365,⤴,right arrow curving up,위쪽으로 꺾인 오른쪽 화살표,오른쪽 화살표가 커브
1366,⤵,right arrow curving down,아래쪽으로 꺾인 오른쪽 화살표,오른쪽 화살표가 커브
1367,🔃,clockwise vertical arrows,시계 방향 수직 화살표,시계 방향으로 수직 화살표
1368,🔄,counterclockwise arrows button,반 시계 방향 화살표 버튼,반 시계 방향 화살표 단추
1369,🔙,BACK arrow,back 써있는 왼쪽 화살표,뒤 화살표
1370,🔚,END arrow,end 써있는 왼쪽 화살표,끝 화살
1371,🔛,ON! arrow,on 써있는 양방향 화살표,에!화살
1372,🔜,SOON arrow,soon 써있는 오른쪽 화살표,곧 화살표
1373,🔝,TOP arrow,Top 써있는 위쪽 화살표,상단 화살표
1374,🛐,place of worship,예배 장소,예배 장소
1375,⚛,atom symbol,원소 기호,원자 기호
1376,🕉,om,옴 기호,만약
1377,✡,star of David,다윗의 별,데이비드의 별
1378,☸,wheel of dharma,법륜,Dharma의 바퀴
1379,☯,yin yang,음양,음과 양
1380,✝,latin cross,라틴 십자가,라틴어 크로스
1381,☦,orthodox cross,정통 십자가,정통 십자가
1382,☪,star and crescent,별과 초승달,스타와 초승달
1383,☮,peace symbol,평화 상징,평화 상징
1384,🕎,menorah,메노라,메 노라
1385,🔯,dotted six-pointed star,육각별,점선 된 여섯 개의 스타
1386,♈,Aries,양 자리,양자리
1387,♉,Taurus,황소 자리,토러스
1388,♊,Gemini,쌍둥이 자리,쌍둥이 자리
1389,♋,Cancer,게 자리,암
1390,♌,Leo,사자 자리,사자 별자리
1391,♍,Virgo,처녀 자리,처녀 자리
1392,♎,Libra,천칭 자리,천칭
1393,♏,Scorpio,천갈궁 자리,천갈궁
1394,♐,Sagittarius,궁수 자리,궁수
1395,♑,Capricorn,염소 자리,염소 자리
1396,♒,Aquarius,물병 자리,물병 자리
1397,♓,Pisces,물고기 자리,생선
1398,⛎,Ophiuchus,뱀 주인 자리,ophiuchus.
1399,🔀,shuffle tracks button,랜덤 재생 버튼,셔플 트랙 버튼
1400,🔁,repeat button,반복 버튼,반복 단추
1401,🔂,repeat single button,단일 반복 버튼,단일 버튼을 반복하십시오
1402,▶,play button,재생 버튼,재생 버튼
1403,⏩,fast-forward button,빨리 감기 버튼,빨리 감기 버튼
1404,⏭,next track button,다음 트랙 버튼,다음 트랙 버튼
1405,⏯,play or pause button,재생 또는 일시 중지 버튼,재생 또는 일시 중지 버튼
1406,◀,reverse button,되감기 버튼,역방향 버튼
1407,⏪,fast reverse button,빠른 되감기 버튼,빠른 역방향 버튼
1408,⏮,last track button,마지막 트랙 버튼,마지막 트랙 버튼
1409,🔼,upwards button,위쪽 버튼,위쪽 버튼
1410,⏫,fast up button,빨리 올리기 버튼,빠른 버튼
1411,🔽,downwards button,아래쪽 버튼,아래쪽 버튼
1412,⏬,fast down button,빨리 내리기 버튼,빠른 버튼
1413,⏸,pause button,일시 중지 버튼,일시 중지 버튼
1414,⏹,stop button,중지 버튼,중지 버튼
1415,⏺,record button,기록 버튼,기록 버튼
1416,⏏,eject button,꺼냄 버튼,탈출 버튼
1417,🎦,cinema,영화,영화
1418,🔅,dim button,희미한 버튼,희미한 버튼
1419,🔆,bright button,밝은 버튼,밝은 버튼
1420,📶,antenna bars,안테나 신호,안테나 바
1421,📳,vibration mode,진동 모드,진동 모드
1422,📴,mobile phone off,휴대 전화 끄기,휴대 전화 끄기
1423,♀,female sign,여성 기호,여성 서명
1424,♂,male sign,남성 기호,남성 서명
1425,⚧,transgender symbol,트랜스 젠더 기호,트랜스 젠더 기호
1426,✖,multiply,곱하기,곱하다
1427,➕,plus,더하기,...을 더한
1428,➖,minus,빼기,마이너스
1429,➗,divide,나누기,나누기
1430,♾,infinity,무한대,무한대
1431,‼,double exclamation mark,이중 느낌표,이중 느낌표 마크
1432,⁉,exclamation question mark,느낌표 물음표,느낌표 물음표
1433,❓,red question mark,빨간색 물음표,빨간색 물음표
1434,❔,white question mark,흰색 물음표,흰색 물음표
1435,❕,white exclamation mark,흰색 느낌표,흰색 느낌표 마크
1436,❗,red exclamation mark,빨간 느낌표,빨간 느낌표
1437,〰,wavy dash,물결표,물결 모양의 대시
1438,💱,currency exchange,환전소,환전소
1439,💲,heavy dollar sign,달려 표시,무거운 달러 기호입니다
1440,⚕,medical symbol,의학 기호,의료 기호
1441,♻,recycling symbol,재활용 기호,재활용 기호
1442,⚜,fleur-de-lis,백합 문장,꽃
1443,🔱,trident emblem,삼지창,트라이던트 엠블럼
1444,📛,name badge,이름 배지,이름 배지
1445,🔰,Japanese symbol for beginner,일본 초보 표시,초급에 대한 일본어 상징
1446,⭕,hollow red circle,빨간색 원,중공 레드 서클
1447,✅,check mark button,확인 표시 버은,확인 표시 버튼
1448,☑,check box with check,체크 박스,확인란의 확인란
1449,✔,check mark,체크 표시,체크 표시
1450,❌,cross mark,엑스 표시,크로스 마크
1451,❎,cross mark button,엑스 표시 버튼,크로스 마크 버튼
1452,➰,curly loop,말린 고리,곱슬 루프
1453,➿,double curly loop,이중 말린 고리,이중 곱슬 루프
1454,〽,part alternation mark,부분 교체,파트 교대 마크
1455,✳,eight-spoked asterisk,여덟 갈래 별표,8 스포크 된 별표
1456,✴,eight-pointed star,여덟 개 별표,8 개의 스타
1457,❇,sparkle,불꽃,불꽃
1458,©,copyright,저작권,저작권
1459,®,registered,등기,등기
1460,™,trade mark,상표,상표
1461,#️⃣,keycap: #,키 캡 : #,Keycap : #
1462,*️⃣,keycap: *,키 캡 : *,키 캡 : *
1463,0️⃣,keycap: 0,키 캡 : 0.,Keycap : 0.
1464,1️⃣,keycap: 1,키 캡 : 1.,키 캡 : 1.
1465,2️⃣,keycap: 2,키 캡 : 2.,Keycap : 2.
1466,3️⃣,keycap: 3,키 캡 : 3.,Keycap : 3.
1467,4️⃣,keycap: 4,키 캡 : 4.,Keycap : 4.
1468,5️⃣,keycap: 5,키 캡 : 5.,Keycap : 5.
1469,6️⃣,keycap: 6,키 캡 : 6.,Keycap : 6.
1470,7️⃣,keycap: 7,키 캡 : 7.,Keycap : 7.
1471,8️⃣,keycap: 8,키 캡 : 8.,Keycap : 8.
1472,9️⃣,keycap: 9,키 캡 : 9.,Keycap : 9.
1473,🔟,keycap: 10,키 캡 : 10.,Keycap : 10.
1474,🔠,input latin uppercase,라틴어 대문자 입력,라틴어 대문자 입력
1475,🔡,input latin lowercase,라틴어 소문자 입력,라틴어 소문자를 입력합니다
1476,🔢,input numbers,입력 번호,입력 번호
1477,🔣,input symbols,입력 기호,입력 기호
1478,🔤,input latin letters,라틴 문자 입력,라틴 문자 입력
1479,🅰,A button (blood type),A형 혈액형,버튼 (혈액형)
1480,🆎,AB button (blood type),AB형 혈액형,AB 버튼 (혈액형)
1481,🅱,B button (blood type),B형 혈액형,B 버튼 (혈액형)
1482,🆑,CL button,CL 버튼,CL 버튼
1483,🆒,COOL button,COOL 버튼,멋진 버튼
1484,🆓,FREE button,무료 버튼,무료 버튼
1485,ℹ,information,정보,정보
1486,🆔,ID button,아이디 버튼,ID 버튼
1487,Ⓜ,circled M,원형 M,원형 M.
1488,🆕,NEW button,NEW 버튼,새 버튼
1489,🆖,NG button,NG 버튼,버튼의.
1490,🅾,O button (blood type),O형 혈액형,O 버튼 (혈액형)
1491,🆗,OK button,확인 버튼,확인 버튼
1492,🅿,P button,P 버튼,P 버튼
1493,🆘,SOS button,SOS 버튼,SOS 버튼
1494,🆙,UP! button,UP! 버튼,위로!단추
1495,🆚,VS button,VS 버튼,VS 버튼
1496,🈁,Japanese “here” button,"일본어 ""여기""버튼","일본어 ""여기""버튼"
1497,🈂,Japanese “service charge” button,"일본어 ""서비스 요금""버튼","일본어 ""서비스 요금""버튼"
1498,🈷,Japanese “monthly amount” button,"일본어 ""월별 금액""버튼","일본어 ""월별 금액""버튼"
1499,🈶,Japanese “not free of charge” button,"일본어 ""무료 없음""버튼","일본어 ""무료 없음""버튼"
1500,🈯,Japanese “reserved” button,"일본어 ""예약""버튼","일본어 ""예약""버튼"
1501,🉐,Japanese “bargain” button,"일본어 ""바겐 세일""버튼","일본어 ""바겐 세일""버튼"
1502,🈹,Japanese “discount” button,"일본어 ""할인""버튼","일본어 ""할인""버튼"
1503,🈚,Japanese “free of charge” button,"일본어 ""무료 무료""버튼","일본어 ""무료 무료""버튼"
1504,🈲,Japanese “prohibited” button,"일본어 ""금지 된""버튼","일본어 ""금지 된""버튼"
1505,🉑,Japanese “acceptable” button,"일본어 ""수락 가능""버튼","일본어 ""수락 가능""버튼"
1506,🈸,Japanese “application” button,"일본어 ""응용 프로그램""버튼","일본어 ""응용 프로그램""버튼"
1507,🈴,Japanese “passing grade” button,"일본어 ""패스 등급""버튼을","일본어 ""패스 등급""버튼을"
1508,🈳,Japanese “vacancy” button,"일본어 ""공석""버튼","일본어 ""공석""버튼"
1509,㊗,Japanese “congratulations” button,"일본어 ""축하""버튼","일본어 ""축하""버튼"
1510,㊙,Japanese “secret” button,"일본어 ""비밀""버튼","일본어 ""비밀""버튼"
1511,🈺,Japanese “open for business” button,"일본어 ""비즈니스를위한 열기""버튼","일본어 ""비즈니스를위한 열기""버튼"
1512,🈵,Japanese “no vacancy” button,"일본어 ""공석 없음""버튼","일본어 ""공석 없음""버튼"
1513,🔴,red circle,빨간색 동그라미,빨간색 서클
1514,🟠,orange circle,오렌지 동그라미,오렌지 서클
1515,🟡,yellow circle,노란색 동그라미,노란색 동그라미
1516,🟢,green circle,녹색 동그라미,녹색 서클
1517,🔵,blue circle,파란색 동그라미,파란색 서클
1518,🟣,purple circle,보라색 동그라미,보라색 서클
1519,🟤,brown circle,갈색 동그라미,갈색 서클
1520,⚫,black circle,검은색 동그라미,검은 동그라미
1521,⚪,white circle,흰색 동그라미,화이트 서클
1522,🟥,red square,빨간색 네모,붉은 광장
1523,🟧,orange square,주황색 네모,오렌지 스퀘어
1524,🟨,yellow square,노란색 네모,노란색 광장
1525,🟩,green square,녹색 네모,녹색 광장
1526,🟦,blue square,파란색 네모,파란색 광장
1527,🟪,purple square,보라색 네모,자주색 광장
1528,🟫,brown square,갈색 네모,갈색 광장
1529,⬛,black large square,검은색 큰 네모,검은 큰 광장
1530,⬜,white large square,흰색 큰 네모,흰색 큰 광장
1531,◼,black medium square,검은색 중간 네모,블랙 중간 광장
1532,◻,white medium square,흰색 중간 네모,흰색 중간 광장
1533,◾,black medium-small square,검은색 중간 네모,검은 색 중형 - 작은 광장
1534,◽,white medium-small square,흰색 중간 네모,흰색 중간 - 작은 광장
1535,▪,black small square,검은색 작은 네모,검은 작은 광장
1536,▫,white small square,흰색 작은 네모,흰색 작은 광장
1537,🔶,large orange diamond,큰 주황색 다이아몬드,큰 오렌지 다이아몬드
1538,🔷,large blue diamond,큰 파란색 다이아몬드,큰 푸른 다이아몬드
1539,🔸,small orange diamond,작은 주황색 다이아몬드,작은 오렌지 다이아몬드
1540,🔹,small blue diamond,작은 파란색 다이아몬드,작은 푸른 다이아몬드
1541,🔺,red triangle pointed up,빨간색 위쪽 삼각형,빨간색 삼각형이 지적되었습니다
1542,🔻,red triangle pointed down,빨간색 아래쪽 삼각형,빨간색 삼각형이 지적되었습니다
1543,💠,diamond with a dot,점이 찍힌 다이아몬드,다이아몬드가있는 다이아몬드
1544,🔘,radio button,라디오 버튼,라디오 버튼
1545,🔳,white square button,흰색 사각형 버튼,흰색 사각형 버튼
1546,🔲,black square button,검은 사각형 버튼,검은 사각형 버튼
1547,🏁,chequered flag,체크 무늬 깃발,체크 무늬 깃발
1548,🚩,triangular flag,삼각형 깃발,삼각형 플래그
1549,🎌,crossed flags,교차 깃발,교차 깃발
1550,🏴,black flag,검은색 깃발,블랙 플래그
1551,🏳,white flag,흰색 깃발,백기
1552,🏳️‍🌈,rainbow flag,무지개 깃발,무지개 깃발
1553,🏳️‍⚧️,transgender flag,트랜스 젠더 깃발,트랜스 젠더 플래그
1554,🏴‍☠️,pirate flag,해적 깃발,해적 깃발
1555,🇦🇨,flag: Ascension Island,국기 : 어센션 섬,플래그 : 승천 섬
1556,🇦🇩,flag: Andorra,국기 : 안도라,플래그 : 안도라
1557,🇦🇪,flag: United Arab Emirates,국기 : 아랍 에미레이트 연합,깃발 : 아랍 에미리트 연합
1558,🇦🇫,flag: Afghanistan,국기 : 아프가니스탄,깃발 : 아프가니스탄
1559,🇦🇬,flag: Antigua & Barbuda,국기 : 안티구아 바버다,Flag : Antigua & Barbuda.
1560,🇦🇮,flag: Anguilla,국기 : 앵 귈라,플래그 : 앵 귈라
1561,🇦🇱,flag: Albania,국기 : 알바니아,플래그 : 알바니아
1562,🇦🇲,flag: Armenia,국기 : 아르메니아,플래그 : 아르메니아
1563,🇦🇴,flag: Angola,국기 : 앙골라,플래그 : 앙골라
1564,🇦🇶,flag: Antarctica,국기 : 남극 대륙,플래그 : 남극 대륙
1565,🇦🇷,flag: Argentina,국기 : 아르헨티나,플래그 : 아르헨티나
1566,🇦🇸,flag: American Samoa,국기 : 아메리칸 사모아,깃발 : 아메리칸 사모아
1567,🇦🇹,flag: Austria,국기 : 오스트리아,플래그 : 오스트리아
1568,🇦🇺,flag: Australia,국기 : 호주,깃발 : 호주
1569,🇦🇼,flag: Aruba,국기 : 아루바,국기 : 아루바
1570,🇦🇽,flag: Åland Islands,국기 : 올란드 제도,국기 : Åland 제도
1571,🇦🇿,flag: Azerbaijan,국기 : 아제르바이잔,플래그 : 아제르바이잔
1572,🇧🇦,flag: Bosnia & Herzegovina,국기 : 보스니아 & 헤르체고비나,깃발 : 보스니아 & 헤르체고비나
1573,🇧🇧,flag: Barbados,국기 : 바베이도스,플래그 : 바베이도스
1574,🇧🇩,flag: Bangladesh,국기 : 방글라데시,플래그 : 방글라데시
1575,🇧🇪,flag: Belgium,국기 : 벨기에,깃발 : 벨기에
1576,🇧🇫,flag: Burkina Faso,국기 : 부르 키나 파소,깃발 : 부르 키나 파소
1577,🇧🇬,flag: Bulgaria,국기 : 불가리아,플래그 : 불가리아
1578,🇧🇭,flag: Bahrain,국기 : 바레인,깃발 : 바레인
1579,🇧🇮,flag: Burundi,국기 : 부룬디,Flag : 부룬디
1580,🇧🇯,flag: Benin,국기 : 베냉,깃발 : 베냉
1581,🇧🇱,flag: St. Barthélemy,국기 : 생바르텔레미,플래그 : 세인트 Barthélemy.
1582,🇧🇲,flag: Bermuda,국기 : 버뮤다,깃발 : 버뮤다
1583,🇧🇳,flag: Brunei,국기 : 브루나이,플래그 : 브루나이
1584,🇧🇴,flag: Bolivia,국기 : 볼리비아,플래그 : 볼리비아
1585,🇧🇶,flag: Caribbean Netherlands,국기 : 카리브해 네덜란드,플래그 : 카리브해 네덜란드
1586,🇧🇷,flag: Brazil,국기 : 브라질,플래그 : 브라질
1587,🇧🇸,flag: Bahamas,국기 : 바하마,플래그 : 바하마
1588,🇧🇹,flag: Bhutan,국기 : 부탄,플래그 : 부탄
1589,🇧🇻,flag: Bouvet Island,국기 : 부베 섬,Flag : Bouvet Island.
1590,🇧🇼,flag: Botswana,국기 : 보츠와나,플래그 : 보츠와나
1591,🇧🇾,flag: Belarus,국기 : 벨로루시,깃발 : 벨로루시
1592,🇧🇿,flag: Belize,국기 : 벨리즈,플래그 : 벨리즈
1593,🇨🇦,flag: Canada,국기 : 캐나다,플래그 : 캐나다
1594,🇨🇨,flag: Cocos (Keeling) Islands,국기 : 코코스 제도 섬,플래그 : 코코스 (Keeling) 섬
1595,🇨🇩,flag: Congo - Kinshasa,국기 : 콩고 킨샤샤,플래그 : 콩고 - Kinshasa.
1596,🇨🇫,flag: Central African Republic,국기 : 중앙 아프리카 공화국,국기 : 중앙 아프리카 공화국
1597,🇨🇬,flag: Congo - Brazzaville,국기 : 콩고 - 브라자빌,Flag : 콩고 - 브라자빌
1598,🇨🇭,flag: Switzerland,국기 : 스위스,플래그 : 스위스
1599,🇨🇮,flag: Côte d’Ivoire,국기 : 아이보리 해안,Flag : 아이보리 해안
1600,🇨🇰,flag: Cook Islands,국기 : 쿡 제도,깃발 : 쿡 제도
1601,🇨🇱,flag: Chile,국기 : 칠레,깃발 : 칠레
1602,🇨🇲,flag: Cameroon,국기 : 카메룬,플래그 : 카메룬
1603,🇨🇳,flag: China,국기 : 중국,국기 : 중국
1604,🇨🇴,flag: Colombia,국기 : 콜롬비아,플래그 : 콜롬비아
1605,🇨🇵,flag: Clipperton Island,국기 : 클리퍼턴 섬,Flag : Clipperton Island.
1606,🇨🇷,flag: Costa Rica,국기 : 코스타리카,Flag : 코스타리카
1607,🇨🇺,flag: Cuba,국기 : 쿠바,플래그 : 쿠바
1608,🇨🇻,flag: Cape Verde,국기 : 케이프 베르데,깃발 : 케이프 베르데
1609,🇨🇼,flag: Curaçao,국기 : 퀴라소,플래그 : Curaçao.
1610,🇨🇽,flag: Christmas Island,국기 : 크리스마스 섬,플래그 : 크리스마스 섬
1611,🇨🇾,flag: Cyprus,국기 : 키프로스,플래그 : 키프로스
1612,🇨🇿,flag: Czechia,국기 : 체코,플래그 : 체코
1613,🇩🇪,flag: Germany,국기 : 독일,플래그 : 독일
1614,🇩🇬,flag: Diego Garcia,국기 : 디에고가르시아,플래그 : Diego Garcia.
1615,🇩🇯,flag: Djibouti,국기 : 지부티,깃발 : 지부티
1616,🇩🇰,flag: Denmark,국기 : 덴마크,플래그 : 덴마크
1617,🇩🇲,flag: Dominica,국기 : 도미니카,플래그 : 도미니카
1618,🇩🇴,flag: Dominican Republic,국기 : 도미니카 공화국,국기 : 도미니카 공화국
1619,🇩🇿,flag: Algeria,국기 : 알제리,플래그 : 알제리
1620,🇪🇦,flag: Ceuta & Melilla,국기 : 세우타 & 멜리 딜,국기 : 세우타 & 멜리 딜
1621,🇪🇨,flag: Ecuador,국기 : 에콰도르,플래그 : 에콰도르
1622,🇪🇪,flag: Estonia,국기 : 에스토니아,플래그 : 에스토니아
1623,🇪🇬,flag: Egypt,국기 : 이집트,플래그 : 이집트
1624,🇪🇭,flag: Western Sahara,국기 : 서부 사하라,깃발 : 서부 사하라
1625,🇪🇷,flag: Eritrea,국기 : 에리트레아,깃발 : 에리트레아
1626,🇪🇸,flag: Spain,국기 : 스페인,플래그 : 스페인
1627,🇪🇹,flag: Ethiopia,국기 : 에티오피아,깃발 : 에티오피아
1628,🇪🇺,flag: European Union,국기 : 유럽 연합,국기 : 유럽 연합
1629,🇫🇮,flag: Finland,국기 : 핀란드,플래그 : 핀란드
1630,🇫🇯,flag: Fiji,국기 : 피지,Flag : 피지
1631,🇫🇰,flag: Falkland Islands,국기 : 포클랜드 제도,Flag : 포클랜드 제도
1632,🇫🇲,flag: Micronesia,국기 : 미크로네시아,플래그 : 미크로네시아
1633,🇫🇴,flag: Faroe Islands,국기 : 페로 제도,깃발 : 페로 제도
1634,🇫🇷,flag: France,국기 : 프랑스,플래그 : 프랑스
1635,🇬🇦,flag: Gabon,국기 : 가봉,깃발 : 가봉
1636,🇬🇧,flag: United Kingdom,국기 : 영국,국기 : 영국
1637,🇬🇩,flag: Grenada,국기 : 그레나다,깃발 : 그레나다
1638,🇬🇪,flag: Georgia,국기 : 그루지야,플래그 : 그루지야
1639,🇬🇫,flag: French Guiana,국기 : 프랑스 령 기아나,깃발 : 프랑스 령 기아나
1640,🇬🇬,flag: Guernsey,국기 : 건지,플래그 : Guernsey.
1641,🇬🇭,flag: Ghana,국기 : 가나,플래그 : 가나
1642,🇬🇮,flag: Gibraltar,국기 : 지브롤터,플래그 : 지브롤터
1643,🇬🇱,flag: Greenland,국기 : 그린란드,Flag : 그린란드
1644,🇬🇲,flag: Gambia,국기 : 감비아,깃발 : 감비아
1645,🇬🇳,flag: Guinea,국기 : 기니아,플래그 : 기니아
1646,🇬🇵,flag: Guadeloupe,국기 : 과들루프,깃발 : 과들루프
1647,🇬🇶,flag: Equatorial Guinea,국기 : 적도 기니,깃발 : 적도 기니
1648,🇬🇷,flag: Greece,국기 : 그리스,플래그 : 그리스
1649,🇬🇸,flag: South Georgia & South Sandwich Islands,국기 : 사우스 조지아 & 사우스 샌드위치 제도,깃발 : 사우스 조지아 & 사우스 샌드위치 제도
1650,🇬🇹,flag: Guatemala,국기 : 과테말라,플래그 : 과테말라
1651,🇬🇺,flag: Guam,국기 : 괌,깃발 : 괌
1652,🇬🇼,flag: Guinea-Bissau,국기 : 기니 비사우,깃발 : 기니 비사우
1653,🇬🇾,flag: Guyana,국기 : 가이아나,플래그 : 가이아나
1654,🇭🇰,flag: Hong Kong SAR China,국기 : 홍콩,깃발 : 홍콩 SAR 중국
1655,🇭🇲,flag: Heard & McDonald Islands,국기 : 허드 맥도날드 제도,깃발 : 듣고 & 맥도날드 제도
1656,🇭🇳,flag: Honduras,국기 : 온두라스,깃발 : 온두라스
1657,🇭🇷,flag: Croatia,국기 : 크로아티아,플래그 : 크로아티아
1658,🇭🇹,flag: Haiti,국기 : 아이티,깃발 : 아이티
1659,🇭🇺,flag: Hungary,국기 : 헝가리,플래그 : 헝가리
1660,🇮🇨,flag: Canary Islands,국기 : 카나리아 제도,국기 : 카나리아 제도
1661,🇮🇩,flag: Indonesia,국기 : 인도네시아,플래그 : 인도네시아
1662,🇮🇪,flag: Ireland,국기 : 아일랜드,깃발 : 아일랜드
1663,🇮🇱,flag: Israel,국기 : 이스라엘,플래그 : 이스라엘
1664,🇮🇲,flag: Isle of Man,국기 : 아일 맨,깃발 : 아일 맨
1665,🇮🇳,flag: India,국기 : 인도,국기 : 인도
1666,🇮🇴,flag: British Indian Ocean Territory,국기 : 영국 인도양 영토,플래그 : 영국 인도양 영토
1667,🇮🇶,flag: Iraq,국기 : 이라크,플래그 : 이라크
1668,🇮🇷,flag: Iran,국기 :이란,깃발 :이란
1669,🇮🇸,flag: Iceland,국기 : 아이슬란드,플래그 : 아이슬란드
1670,🇮🇹,flag: Italy,국기 : 이탈리아,플래그 : 이탈리아
1671,🇯🇪,flag: Jersey,국기 : 저지,깃발 : 저지
1672,🇯🇲,flag: Jamaica,국기 : 자메이카,플래그 : 자메이카
1673,🇯🇴,flag: Jordan,국기 : 요르단,플래그 : 요르단
1674,🇯🇵,flag: Japan,국기 : 일본,플래그 : 일본
1675,🇰🇪,flag: Kenya,국기 : 케냐,플래그 : 케냐
1676,🇰🇬,flag: Kyrgyzstan,국기 : 키르기스스탄,깃발 : 키르기스스탄
1677,🇰🇭,flag: Cambodia,국기 : 캄보디아,플래그 : 캄보디아
1678,🇰🇮,flag: Kiribati,국기 : 키리바시,깃발 : 키리바시
1679,🇰🇲,flag: Comoros,국기 : 코모로,플래그 : 코모로
1680,🇰🇳,flag: St. Kitts & Nevis,국기 : 세인트 키츠 & 네비스,깃발 : 세인트 키츠 & 네비스
1681,🇰🇵,flag: North Korea,국기 : 북한,깃발 : 북한
1682,🇰🇷,flag: South Korea,국기 : 한국,국기 : 한국
1683,🇰🇼,flag: Kuwait,국기 : 쿠웨이트,깃발 : 쿠웨이트
1684,🇰🇾,flag: Cayman Islands,국기 : 케이맨 제도,플래그 : 케이맨 제도
1685,🇰🇿,flag: Kazakhstan,국기 : 카자흐스탄,플래그 : 카자흐스탄
1686,🇱🇦,flag: Laos,국기 : 라오스,플래그 : 라오스
1687,🇱🇧,flag: Lebanon,국기 : 레바논,플래그 : 레바논
1688,🇱🇨,flag: St. Lucia,국기 : 세인트 루시아,깃발 : 세인트 루시아
1689,🇱🇮,flag: Liechtenstein,국기 : 리히텐슈타인,깃발 : 리히텐슈타인
1690,🇱🇰,flag: Sri Lanka,국기 : 스리랑카,플래그 : 스리랑카
1691,🇱🇷,flag: Liberia,국기 : 라이베리아,국기 : 라이베리아
1692,🇱🇸,flag: Lesotho,국기 : 레소토,깃발 : 레소토
1693,🇱🇹,flag: Lithuania,국기 : 리투아니아,플래그 : 리투아니아
1694,🇱🇺,flag: Luxembourg,국기 : 룩셈부르크,플래그 : 룩셈부르크
1695,🇱🇻,flag: Latvia,국기 : 라트비아,플래그 : 라트비아
1696,🇱🇾,flag: Libya,국기 : 리비아,플래그 : 리비아
1697,🇲🇦,flag: Morocco,국기 : 모로코,플래그 : 모로코
1698,🇲🇨,flag: Monaco,국기 : 모나코,플래그 : 모나코
1699,🇲🇩,flag: Moldova,국기 : 몰르 더바,플래그 : 몰르 더바
1700,🇲🇪,flag: Montenegro,국기 : 몬테네그로,깃발 : 몬테네그로
1701,🇲🇫,flag: St. Martin,국기 : 세인트 마틴,깃발 : 세인트 마틴
1702,🇲🇬,flag: Madagascar,국기 : 마다가스카르,Flag : 마다가스카르
1703,🇲🇭,flag: Marshall Islands,국기 : 마샬 군도,깃발 : 마샬 군도
1704,🇲🇰,flag: North Macedonia,국기 : 북마케도니아,깃발 : North Macedonia.
1705,🇲🇱,flag: Mali,국기 : 말리,깃발 : 말리
1706,🇲🇲,flag: Myanmar (Burma),국기 : 미얀마 (버마),깃발 : 미얀마 (버마)
1707,🇲🇳,flag: Mongolia,국기 : 몽골,깃발 : 몽골
1708,🇲🇴,flag: Macao SAR China,국기 : 마카오,깃발 : 마카오 SAR 중국
1709,🇲🇵,flag: Northern Mariana Islands,국기 : 북부 마리아나 제도,국기 : 북부 마리아나 제도
1710,🇲🇶,flag: Martinique,국기 : 마르티니크,플래그 : 마르티니크
1711,🇲🇷,flag: Mauritania,국기 : 모리타니아,플래그 : 모리타니아
1712,🇲🇸,flag: Montserrat,국기 : 몬세 라트,플래그 : 몬세 라트
1713,🇲🇹,flag: Malta,국기 : 몰타,플래그 : 몰타
1714,🇲🇺,flag: Mauritius,국기 : 모리셔스,플래그 : 모리셔스
1715,🇲🇻,flag: Maldives,국기 : 몰디브,플래그 : 몰디브
1716,🇲🇼,flag: Malawi,국기 : 말라위,플래그 : 말라위
1717,🇲🇽,flag: Mexico,국기 : 멕시코,국기 : 멕시코
1718,🇲🇾,flag: Malaysia,국기 : 말레이시아,깃발 : 말레이시아
1719,🇲🇿,flag: Mozambique,국기 : 모잠비크,플래그 : 모잠비크
1720,🇳🇦,flag: Namibia,국기 : 나미비아,플래그 : 나미비아
1721,🇳🇨,flag: New Caledonia,국기 : 뉴 칼레도니아,국기 : 뉴 칼레도니아
1722,🇳🇪,flag: Niger,국기 : 니제르,플래그 : 니제르
1723,🇳🇫,flag: Norfolk Island,국기 : 노퍽 섬,깃발 : 노퍽 섬
1724,🇳🇬,flag: Nigeria,국기 : 나이지리아,플래그 : 나이지리아
1725,🇳🇮,flag: Nicaragua,국기 : 니카라과,플래그 : 니카라과
1726,🇳🇱,flag: Netherlands,국기 : 네덜란드,플래그 : 네덜란드
1727,🇳🇴,flag: Norway,국기 : 노르웨이,플래그 : 노르웨이
1728,🇳🇵,flag: Nepal,국기 : 네팔,플래그 : 네팔
1729,🇳🇷,flag: Nauru,국기 : 나우루,깃발 : 나우루
1730,🇳🇺,flag: Niue,국기 : 니우에,플래그 : 니우에
1731,🇳🇿,flag: New Zealand,국기 : 뉴질랜드,깃발 : 뉴질랜드
1732,🇴🇲,flag: Oman,국기 : 오만,플래그 : 오만
1733,🇵🇦,flag: Panama,국기 : 파나마,플래그 : 파나마
1734,🇵🇪,flag: Peru,국기 : 페루,플래그 : 페루
1735,🇵🇫,flag: French Polynesia,국기 : 프랑스 령 폴리네시아,플래그 : 프랑스 령 폴리네시아
1736,🇵🇬,flag: Papua New Guinea,국기 : 파푸아 뉴기니,깃발 : 파푸아 뉴기니
1737,🇵🇭,flag: Philippines,국기 : 필리핀,Flag : 필리핀
1738,🇵🇰,flag: Pakistan,국기 : 파키스탄,플래그 : 파키스탄
1739,🇵🇱,flag: Poland,국기 : 폴란드,플래그 : 폴란드
1740,🇵🇲,flag: St. Pierre & Miquelon,국기 : 생피에르 미클롱,Flag : St. Pierre & Miquelon.
1741,🇵🇳,flag: Pitcairn Islands,국기 : 피트케인 제도,플래그 : Pitcairn Islands.
1742,🇵🇷,flag: Puerto Rico,국기 : 푸에르토 리코,플래그 : 푸에르토 리코
1743,🇵🇸,flag: Palestinian Territories,국기 : 팔레스타인 영토,깃발 : 팔레스타인 영토
1744,🇵🇹,flag: Portugal,국기 : 포르투갈,플래그 : 포르투갈
1745,🇵🇼,flag: Palau,국기 : 팔라우,플래그 : 팔라우
1746,🇵🇾,flag: Paraguay,국기 : 파라과이,플래그 : 파라과이
1747,🇶🇦,flag: Qatar,국기 : 카타르,플래그 : 카타르
1748,🇷🇪,flag: Réunion,국기 : 회의,플래그 : 회의
1749,🇷🇴,flag: Romania,국기 : 루마니아,국기 : 루마니아
1750,🇷🇸,flag: Serbia,국기 : 세르비아,플래그 : 세르비아
1751,🇷🇺,flag: Russia,국기 : 러시아,플래그 : 러시아
1752,🇷🇼,flag: Rwanda,국기 : 르완다,플래그 : 르완다
1753,🇸🇦,flag: Saudi Arabia,국기 : 사우디 아라비아,Flag : 사우디 아라비아
1754,🇸🇧,flag: Solomon Islands,국기 : 솔로몬 제도,국기 : 솔로몬 제도
1755,🇸🇨,flag: Seychelles,국기 : 세이셸,플래그 : 세이셸
1756,🇸🇩,flag: Sudan,국기 : 수단,Flag : 수단
1757,🇸🇪,flag: Sweden,국기 : 스웨덴,플래그 : 스웨덴
1758,🇸🇬,flag: Singapore,국기 : 싱가포르,깃발 : 싱가포르
1759,🇸🇭,flag: St. Helena,국기 : 세인트 헬레나,플래그 : St. Helena.
1760,🇸🇮,flag: Slovenia,국기 : 슬로베니아,플래그 : 슬로베니아
1761,🇸🇯,flag: Svalbard & Jan Mayen,국기 : 스발바르제도-얀마웬섬,Flag : Svalbard & Jan Mayen.
1762,🇸🇰,flag: Slovakia,국기 : 슬로바키아,플래그 : 슬로바키아
1763,🇸🇱,flag: Sierra Leone,국기 : 시에라 리온,깃발 : 시에라 리온
1764,🇸🇲,flag: San Marino,국기 : 산 마리노,깃발 : 산 마리노
1765,🇸🇳,flag: Senegal,국기 : 세네갈,깃발 : 세네갈
1766,🇸🇴,flag: Somalia,국기 : 소말리아,플래그 : 소말리아
1767,🇸🇷,flag: Suriname,국기 : 수리남,플래그 : 수리남
1768,🇸🇸,flag: South Sudan,국기 : 남수단,Flag : South Sudan.
1769,🇸🇹,flag: São Tomé & Príncipe,국기 : 상투메프린시페,깃발 : 상투 메 & Príncipe.
1770,🇸🇻,flag: El Salvador,국기 : 엘살바도르,깃발 : 엘살바도르
1771,🇸🇽,flag: Sint Maarten,국기 : 신트마르턴,Flag : 세인트 Maarten.
1772,🇸🇾,flag: Syria,국기 : 시리아,플래그 : 시리아
1773,🇸🇿,flag: Eswatini,국기 : 에스와티니,플래그 : 스웨이트에서
1774,🇹🇦,flag: Tristan da Cunha,국기 : 트리스탄다쿠나,플래그 : Tristan Da Cunha.
1775,🇹🇨,flag: Turks & Caicos Islands,국기 : 터크스 & 카이 코스 제도,Flag : 터크 스 & 카이 코스 제도
1776,🇹🇩,flag: Chad,국기 : 차드,플래그 : 차드
1777,🇹🇫,flag: French Southern Territories,국기 : 프랑스 남부 지역,국기 : 프랑스 남부 지역
1778,🇹🇬,flag: Togo,국기 : 토고,깃발 : 토고
1779,🇹🇭,flag: Thailand,국기 : 태국,국기 : 태국
1780,🇹🇯,flag: Tajikistan,국기 : 타지키스탄,깃발 : 타지키스탄
1781,🇹🇰,flag: Tokelau,국기 : 토켈라우,플래그 : Tokelau.
1782,🇹🇱,flag: Timor-Leste,국기 : 동티모르,플래그 : TIMOR-READ.
1783,🇹🇲,flag: Turkmenistan,국기 : 투르크 메니스탄,플래그 : 투르크 메니스탄
1784,🇹🇳,flag: Tunisia,국기 : 튀니지,플래그 : 튀니지
1785,🇹🇴,flag: Tonga,국기 : 통가,플래그 : 통가
1786,🇹🇷,flag: Turkey,국기 : 터키,플래그 : 터키
1787,🇹🇹,flag: Trinidad & Tobago,국기 : 트리니다드 & 토바고,Flag : 트리니다드 & 토바고
1788,🇹🇻,flag: Tuvalu,국기 : 투발루,플래그 : 투발루
1789,🇹🇼,flag: Taiwan,국기 : 대만,플래그 : 대만
1790,🇹🇿,flag: Tanzania,국기 : 탄자니아,국기 : 탄자니아
1791,🇺🇦,flag: Ukraine,국기 : 우크라이나,플래그 : 우크라이나
1792,🇺🇬,flag: Uganda,국기 : 우간다,플래그 : 우간다
1793,🇺🇲,flag: U.S. Outlying Islands,국기 : 미국령 해외 제도,플래그 : 미국 외곽 섬
1794,🇺🇳,flag: United Nations,국기 : 유엔,Flag : 유엔
1795,🇺🇸,flag: United States,국기 : 미국,플래그 : 미국
1796,🇺🇾,flag: Uruguay,국기 : 우루과이,플래그 : 우루과이
1797,🇺🇿,flag: Uzbekistan,국기 : 우즈베키스탄,깃발 : 우즈베키스탄
1798,🇻🇦,flag: Vatican City,국기 : 바티칸 시티,Flag : 바티칸 시티
1799,🇻🇨,flag: St. Vincent & Grenadines,국기 : 세인트 빈센트 & 그레나딘,플래그 : 세인트 빈센트 & 그레나딘
1800,🇻🇪,flag: Venezuela,국기 : 베네수엘라,플래그 : 베네수엘라
1801,🇻🇬,flag: British Virgin Islands,국기 : 영국령 버진 제도,깃발 : 영국령 버진 제도
1802,🇻🇮,flag: U.S. Virgin Islands,국기 : 미국령 버진 제도,깃발 : 미국령 버진 제도
1803,🇻🇳,flag: Vietnam,국기 : 베트남,플래그 : 베트남
1804,🇻🇺,flag: Vanuatu,국기 : 바누아투,플래그 : 바누아투
1805,🇼🇫,flag: Wallis & Futuna,국기 : 왈리스 푸투나,Flag : Wallis & Futuna.
1806,🇼🇸,flag: Samoa,국기 : 사모아,플래그 : 사모아
1807,🇽🇰,flag: Kosovo,국기 : 코소보,깃발 : 코소보
1808,🇾🇪,flag: Yemen,국기 : 예멘,플래그 : 예멘
1809,🇾🇹,flag: Mayotte,국기 : 마요트,플래그 : Mayotte.
1810,🇿🇦,flag: South Africa,국기 : 남아프리카 공화국,깃발 : 남아프리카 공화국
1811,🇿🇲,flag: Zambia,국기 : 잠비아,플래그 : 잠비아
1812,🇿🇼,flag: Zimbabwe,국기 : 짐바브웨,플래그 : 짐바브웨
1813,🏴󠁧󠁢󠁥󠁮󠁧󠁿,flag: England,국기 : 잉글랜드,플래그 : 잉글랜드
1814,🏴󠁧󠁢󠁳󠁣󠁴󠁿,flag: Scotland,국기 : 스코틀랜드,국기 : 스코틀랜드
1815,🏴󠁧󠁢󠁷󠁬󠁳󠁿,flag: Wales,국기 : 웨일즈,플래그 : 웨일즈